598000000003253030;10;BOD;BT082000189;0;2020-10-23 09:56:13;BODY MINUTE;12;0;;244;MES;1818;*7592321905277714310049610001300;75118;598000000003253030;2F41699C-276F-4703-BD88-B268FB1D7225;24.72;12;0,00;
598000000003253030;10;BOD;BT082000189;0;2020-10-23 09:56:13;BODY MINUTE;12;0;;244;MES;1818;*7592321905277714310049610002300;75118;598000000003253023;51CBEDE3-A80B-4E59-B5BC-4F68ED0C155B;24.72;12;0,00;
598000000003253030;10;BOD;BT082000189;0;2020-10-23 09:56:13;BODY MINUTE;12;0;;244;MES;1818;*7592321905277714310049610003300;75118;598000000003253016;835AC0EC-3249-43C0-81EF-77019E1CE4BA;24.72;12;0,00;
598000000003253030;10;BOD;BT082000189;0;2020-10-23 09:56:13;BODY MINUTE;12;0;;244;MES;1818;*7592321905277714310049610004300;75118;598000000003252972;170D5C68-F2A7-406E-8D90-F670318097DD;14.14;12;0,00;
598000000003253030;10;BOD;BT082000189;0;2020-10-23 09:56:13;BODY MINUTE;12;0;;244;MES;1818;*7592321905277714310049610005300;75118;598000000003252989;524E8C14-E242-4697-A8E6-FDB0751EC1DB;18.90;12;0,00;
598000000003253030;10;BOD;BT082000189;0;2020-10-23 09:56:13;BODY MINUTE;12;0;;244;MES;1818;*7592321905277714310049610006300;75118;598000000003252965;71A9902F-A602-48AD-8FB7-0C221F1A0DD4;4.02;12;0,00;
598000000003253030;10;BOD;BT082000189;0;2020-10-23 09:56:13;BODY MINUTE;12;0;;244;MES;1818;*7592321905277714310049610007300;75118;598000000003252996;1B16BFAF-2B55-47B5-B253-E9BB8926581E;12.52;12;0,00;
598000000003253030;10;BOD;BT082000189;0;2020-10-23 09:56:13;BODY MINUTE;12;0;;244;MES;1818;*7592321905277714310049610008300;75118;598000000003253009;398B81DA-A4E9-4792-B8CA-7A49B94D350A;20.49;12;0,00;
598000000003252958;10;BOD;BT147000265;0;2020-10-23 10:09:46;BODY MINUTE;12;0;;244;MES;1818;*7474521905277714310049611001300;74118;598000000003252958;28F98834-56E4-43F4-BD11-1738978C9A53;5.77;12;0,00;
598000000003252903;10;BOD;BT167000154;0;2020-10-23 10:32:31;BODY MINUTE;12;0;;244;MES;1818;*7592321905277714310049612001300;75118;598000000003252903;D87C4A18-A9DE-4F59-826B-C86CD6232CD4;12.40;12;0,00;
598000000003252903;10;BOD;BT167000154;0;2020-10-23 10:32:31;BODY MINUTE;12;0;;244;MES;1818;*7592321905277714310049612002300;75118;598000000003252927;EB3C7FD0-36FC-43FD-935F-BB04A87E21BF;12.57;12;0,00;
598000000003252903;10;BOD;BT167000154;0;2020-10-23 10:32:31;BODY MINUTE;12;0;;244;MES;1818;*7592321905277714310049612003300;75118;598000000003252910;1B3DD697-D29B-43AB-81DC-6B821502FB4F;20.25;12;0,00;
598000000003252903;10;BOD;BT167000154;0;2020-10-23 10:32:31;BODY MINUTE;12;0;;244;MES;1818;*7592321905277714310049612004300;75118;598000000003252941;45BB337C-A9FF-48FE-9A35-6DC9A16D7825;24.72;12;0,00;
598000000003252903;10;BOD;BT167000154;0;2020-10-23 10:32:31;BODY MINUTE;12;0;;244;MES;1818;*7592321905277714310049612005300;75118;598000000003252934;817BDDFA-3D70-4609-9982-E476A0D16B45;24.72;12;0,00;
598000000003252866;10;BOD;BT195000279;0;2020-10-23 10:57:13;BODY MINUTE;12;0;;244;MES;1818;*5959121905277714310049613001300;59350;598000000003252866;C52EFFF0-6453-4BC1-B902-C5B4710A9A81;24.02;12;0,00;
598000000003252866;10;BOD;BT195000279;0;2020-10-23 10:57:13;BODY MINUTE;12;0;;244;MES;1818;*5959121905277714310049613002300;59350;598000000003252835;5AAB9733-6ED3-4052-8876-B1D8765E0A11;7.92;12;0,00;
598000000003252866;10;BOD;BT195000279;0;2020-10-23 10:57:13;BODY MINUTE;12;0;;244;MES;1818;*5959121905277714310049613003300;59350;598000000003252842;36BD8CCA-7DF3-4C64-B17A-5891746ED032;16.23;12;0,00;
598000000003252866;10;BOD;BT195000279;0;2020-10-23 10:57:13;BODY MINUTE;12;0;;244;MES;1818;*5959121905277714310049613004300;59350;598000000003252873;985756A8-C7AF-4487-896C-633A4B8D1ED1;24.72;12;0,00;
598000000003252866;10;BOD;BT195000279;0;2020-10-23 10:57:13;BODY MINUTE;12;0;;244;MES;1818;*5959121905277714310049613005300;59350;598000000003252880;5CFC54B1-DE55-413D-9A53-759C7C91ADF5;24.72;12;0,00;
598000000003252866;10;BOD;BT195000279;0;2020-10-23 10:57:13;BODY MINUTE;12;0;;244;MES;1818;*5959121905277714310049613006300;59350;598000000003252897;4FF85B98-8E66-4DCA-ABD0-68157DDC62F6;24.72;12;0,00;
598000000003252866;10;BOD;BT195000279;0;2020-10-23 10:57:13;BODY MINUTE;12;0;;244;MES;1818;*5959121905277714310049613007300;59350;598000000003252859;FA42BDC3-5635-42A9-8622-708DE0075A19;19.87;12;0,00;
598000000003252828;10;BOD;BT201000171;0;2020-10-23 11:12:37;BODY MINUTE;12;0;;244;MES;1818;*7594621905277714310049614001300;75105;598000000003252828;107DA9DB-6929-4644-8596-8BFB5F89DAC4;24.72;12;0,00;
598000000003252828;10;BOD;BT201000171;0;2020-10-23 11:12:37;BODY MINUTE;12;0;;244;MES;1818;*7594621905277714310049614002300;75105;598000000003252811;1C81BB91-1E7F-42A5-8BF1-FE0F6E7460BC;12.02;12;0,00;
598000000003252828;10;BOD;BT201000171;0;2020-10-23 11:12:37;BODY MINUTE;12;0;;244;MES;1818;*7594621905277714310049614003300;75105;598000000003252804;6E9688C6-B6B6-489E-8F3D-6C2CAF32C03F;19.87;12;0,00;
598000000003255164;10;BOD;BT245000188;0;2020-10-23 11:51:46;BODY MINUTE;12;0;;244;MES;1818;*7592321905277714310049618001300;75111;598000000003255164;8FF604BF-46A4-4609-B632-2A3C62848716;10.38;12;0,00;
598000000003255164;10;BOD;BT245000188;0;2020-10-23 11:51:46;BODY MINUTE;12;0;;244;MES;1818;*7592321905277714310049618002300;75111;598000000003255171;8C000F02-D40C-4D62-AFF2-4264DBE049B2;20.41;12;0,00;
598000000003255164;10;BOD;BT245000188;0;2020-10-23 11:51:46;BODY MINUTE;12;0;;244;MES;1818;*7592321905277714310049618003300;75111;598000000003255188;D3AF0BAF-B81A-409A-A2FF-D96570A0C575;24.72;12;0,00;
598000000003255102;10;BOD;BT382000128;0;2020-10-23 12:52:33;BODY MINUTE;12;0;;244;MES;1818;*9494621905277714310049620001300;94042;598000000003255102;5168B89A-0DD7-4580-AF8C-9DC4C4D2B3B1;24.72;12;0,00;
598000000003255102;10;BOD;BT382000128;0;2020-10-23 12:52:33;BODY MINUTE;12;0;;244;MES;1818;*9494621905277714310049620002300;94042;598000000003255119;A9F31075-B2B8-4CA2-910F-07B3238E454E;24.72;12;0,00;
598000000003255102;10;BOD;BT382000128;0;2020-10-23 12:52:33;BODY MINUTE;12;0;;244;MES;1818;*9494621905277714310049620003300;94042;598000000003255089;6907BDAF-48FE-4454-A7D5-B4A2785E056A;19.36;12;0,00;
598000000003255102;10;BOD;BT382000128;0;2020-10-23 12:52:33;BODY MINUTE;12;0;;244;MES;1818;*9494621905277714310049620004300;94042;598000000003255096;3A4E4116-88E7-45FC-8BEA-0A4BCE6D77B1;21.91;12;0,00;
598000000003252798;10;BOD;BT390000086;0;2020-10-23 11:21:18;BODY MINUTE;12;0;;244;MES;1818;*9593121905277714310049615001300;95313;598000000003252798;CDA0AFEC-D2DC-4888-8D28-FA1F64E3B183;24.72;12;0,00;
598000000003252798;10;BOD;BT390000086;0;2020-10-23 11:21:18;BODY MINUTE;12;0;;244;MES;1818;*9593121905277714310049615002300;95313;598000000003252781;702E02C6-5386-4846-877A-F58B6EF297DF;4.47;12;0,00;
598000000003252774;10;BOD;BT391000147;0;2020-10-23 11:27:06;BODY MINUTE;12;0;;244;MES;1818;*3535121905277714310049616001300;35238;598000000003252774;50105967-D291-4578-B3B5-BDAE0008544E;24.72;12;0,00;
598000000003252774;10;BOD;BT391000147;0;2020-10-23 11:27:06;BODY MINUTE;12;0;;244;MES;1818;*3535121905277714310049616002300;35238;598000000003252767;8E080758-2F8B-40DC-B009-8AFCD4ED003E;21.47;12;0,00;
598000000003252736;10;BOD;BT422000060;0;2020-10-23 11:39:30;BODY MINUTE;12;0;;244;MES;1818;*4545221905277714310049617001300;45089;598000000003252736;FE5EAAC3-5A2C-4C8C-9A59-17388E5A7052;24.72;12;0,00;
598000000003252736;10;BOD;BT422000060;0;2020-10-23 11:39:30;BODY MINUTE;12;0;;244;MES;1818;*4545221905277714310049617002300;45089;598000000003252750;01627EED-5D7C-421D-BE31-909DE2383563;3.11;12;0,00;
598000000003252736;10;BOD;BT422000060;0;2020-10-23 11:39:30;BODY MINUTE;12;0;;244;MES;1818;*4545221905277714310049617003300;45089;598000000003252743;E32CB640-BE3B-481A-9FA0-81AE96E800CF;23.22;12;0,00;
598000000003255157;10;BOD;BT434000033;0;2020-10-23 12:37:08;BODY MINUTE;12;0;;244;MES;1818;*8383421905277714310049619001300;83144;598000000003255157;FB3DA479-1F62-4D36-A5C5-4255B2220F0A;24.72;12;0,00;
598000000003255157;10;BOD;BT434000033;0;2020-10-23 12:37:08;BODY MINUTE;12;0;;244;MES;1818;*8383421905277714310049619002300;83144;598000000003255140;D201FDE5-384C-4CD8-888A-07D3823CB995;24.72;12;0,00;
598000000003255157;10;BOD;BT434000033;0;2020-10-23 12:37:08;BODY MINUTE;12;0;;244;MES;1818;*8383421905277714310049619003300;83144;598000000003255126;C4E10B99-855C-49A7-8C33-2E5A907D98F0;13.89;12;0,00;
598000000003255157;10;BOD;BT434000033;0;2020-10-23 12:37:08;BODY MINUTE;12;0;;244;MES;1818;*8383421905277714310049619004300;83144;598000000003255133;7DCE2011-9C1E-491F-AE81-AC58F0D07200;25.76;12;0,00;
008070000007642499;10;TSH;ESH9790994;0;2019-06-22 16:46:04;TF1 Téléshopping;12;0;;228;S;7691;32200039641575017;;008070000007642499;DDF3EB6C-0A28-41BD-92B5-C61F3E84384A;2.40;12;0,00;
008070000007642406;10;TSH;ESH9790998;0;2019-06-22 16:46:00;TF1 Téléshopping;12;0;;3;;7910;9L25544296641;9L1391708252220240000043;008070000007642406;D80DB1CA-FB8F-4729-8EEB-B1C27C30F50D;2.40;12;0,00;
008070000007642475;10;TSH;ESH9791001;0;2019-06-22 16:46:03;TF1 Téléshopping;12;0;;223;24R;1098;14261445230101105113992028;26144523;008070000007642475;E63EA7E0-12FD-424C-B364-F298E72E6BC1;2.40;12;0,00;
008070000007642398;10;TSH;ESH9791005;0;2019-06-22 16:46:00;TF1 Téléshopping;12;0;;3;;7910;9L25544296634;9L1372308252220240000036;008070000007642398;3EC2F6C9-3B24-4616-8C8E-E6D8643F4E18;2.40;12;0,00;
008070000007642374;10;TSH;ESH9791011;0;2019-06-22 16:45:59;TF1 Téléshopping;12;0;;3;;7910;9L25544296627;9L1742908252220240000029;008070000007642374;B602AD51-0146-4D6F-B65C-67D04AFC1152;2.40;12;0,00;
008070000007642381;10;TSH;ESH9791012;0;2019-06-22 16:46:00;TF1 Téléshopping;12;0;;223;24R;1098;14261445180101007183832918;26144518;008070000007642381;20EB0590-41EC-4B5B-91D8-414FA963DCAF;2.40;12;0,00;
008070000007642437;10;TSH;ESH9791045;0;2019-06-22 16:46:02;TF1 Téléshopping;12;0;;223;24R;1098;14261445200101805583363582;26144520;008070000007642437;7671B855-D40D-4119-A2B8-3C4A01D01607;2.40;12;0,00;
008070000007642482;10;TSH;ESH9791061;0;2019-06-22 16:46:03;TF1 Téléshopping;12;0;;228;S;7691;32200039641494380;;008070000007642482;DE211A4C-CD3E-419B-ADB1-BD73B07C366E;2.40;12;0,00;
008070000007642367;10;TSH;ESH9791062;0;2019-06-22 16:45:59;TF1 Téléshopping;12;0;;228;S;7691;32200039641175017;;008070000007642367;713A1D62-2BE0-413F-8623-8B20FDA10473;2.40;12;0,00;
008070000007642420;10;TSH;ESH9791069;0;2019-06-22 16:46:01;TF1 Téléshopping;12;0;;228;S;7691;32200039641247300;;008070000007642420;7FC70165-0A91-41C8-8F35-89D04CFAE75C;2.40;12;0,00;
008070000007642413;10;TSH;ESH9791070;0;2019-06-22 16:46:01;TF1 Téléshopping;12;0;;223;24R;1098;14261445190101502543061436;26144519;008070000007642413;96B0E2B0-355F-4080-8B78-B578D903C43D;2.40;12;0,00;
008070000007635792;10;TSH;ESH9791618;0;2019-06-22 16:43:43;TF1 Téléshopping;12;0;;258;030;3799;323211227809791618001030;;008070000007635792;D2937181-19E9-4437-9841-F837EC21FD32;1.56;12;0,00;
008070000007635785;10;TSH;ESH9791626;0;2019-06-22 16:43:43;TF1 Téléshopping;12;0;;258;030;3799;323211227809791626001030;;008070000007635785;419F1585-0CD7-4C63-8F85-29FCD6E90CFE;1.56;12;0,00;
008070000007642444;10;TSH;ESH9791667;0;2019-06-22 16:46:02;TF1 Téléshopping;12;0;;228;S;7691;32200039641378280;;008070000007642444;C7A92FED-6308-4205-A7E4-BC25E2F9B52F;2.40;12;0,00;
008070000007642350;10;TSH;ESH9791695;0;2019-06-22 16:45:59;TF1 Téléshopping;12;0;;228;S;7691;32200039641077183;;008070000007642350;128E4625-1CE1-46F8-8ECE-1455141BF29F;2.40;12;0,00;
008070000007635778;10;TSH;ESH9791770;0;2019-06-22 16:43:42;TF1 Téléshopping;12;0;;228;S;7691;32200039640977100;;008070000007635778;0A2AD0E6-2DF0-49ED-B5FA-C7B2C1603763;1.56;12;0,00;
008070000007642468;10;TSH;ESH9791771;0;2019-06-22 16:46:03;TF1 Téléshopping;12;0;;223;24R;1098;14261445220101703013784689;26144522;008070000007642468;CE79455B-832F-438B-B006-F1427F26495A;2.40;12;0,00;
008070000007642451;10;TSH;ESH9791794;0;2019-06-22 16:46:02;TF1 Téléshopping;12;0;;223;24R;1098;14261445210101202543713824;26144521;008070000007642451;754285AB-3F5D-4609-BC3E-0215AD4ED11F;2.40;12;0,00;
008070000007634663;10;TSH;TSH7275112;0;2019-06-22 16:37:59;TF1 Téléshopping;12;0;;228;S;15029;11200181304159245;;008070000007634663;95543255-8360-4070-BC8A-0E58D3FA06C8;0.70;12;0,00;
008070000007634290;10;TSH;TSH7275114;0;2019-06-22 16:37:47;TF1 Téléshopping;12;0;;223;24R;2079;14287126440101007153059564;28712644;008070000007634290;9948BD37-6E45-4270-9FEF-20A8988EBC4C;0.70;12;0,00;
008070000007634485;10;TSH;TSH7275116;0;2019-06-22 16:37:53;TF1 Téléshopping;12;0;;3;;15889;9L25551106117;9L1296408252200070000017;008070000007634485;3E9FA900-E8B1-4419-A94E-F66E6BC0DAC5;0.70;12;0,00;
008070000007556787;10;TSH;TSH7275122;0;2019-06-22 16:52:37;TF1 Téléshopping;12;0;;3;;15889;9L25551106490;9L1781148252200182000097;008070000007556787;21713BC8-66A7-48EE-A47F-DC14E4307422;1.82;12;0,00;
008070000007634245;10;TSH;TSH7275143;0;2019-06-22 16:37:45;TF1 Téléshopping;12;0;;223;24R;2079;14287126430101506373618320;28712643;008070000007634245;60D3F2F4-2187-469A-9284-4F0358E77509;0.70;12;0,00;
008070000007634308;10;TSH;TSH7275151;0;2019-06-22 16:37:47;TF1 Téléshopping;12;0;;223;24R;2079;14287126450101407293109871;28712645;008070000007634308;A7D48475-8E83-40AE-88EC-B7B8823D536D;0.70;12;0,00;
008070000007634670;10;TSH;TSH7275157;0;2019-06-22 16:38:00;TF1 Téléshopping;12;0;;3;;15889;9L25551106162;9L1022908252200070000062;008070000007634670;75BA56D9-8E53-46B5-8404-9021D8996A46;0.70;12;0,00;
008070000007634517;10;TSH;TSH7275167;0;2019-06-22 16:37:54;TF1 Téléshopping;12;0;;223;24R;2079;14287126500101502653804973;28712650;008070000007634517;6E25181D-E33A-4209-8E70-726FD345F4E4;0.70;12;0,00;
008070000007634098;10;TSH;TSH7275178;0;2019-06-22 16:37:40;TF1 Téléshopping;12;0;;223;24R;2079;14287126360101506063597811;28712636;008070000007634098;E91590CC-6FC5-422F-8316-55F7C0FE1FE8;0.70;12;0,00;
008070000007634339;10;TSH;TSH7275216;0;2019-06-22 16:37:48;TF1 Téléshopping;12;0;;228;S;15029;11200181302178450;;008070000007634339;60149C1E-90CA-447F-98E8-174CCCB143E4;0.70;12;0,00;
008070000007634548;10;TSH;TSH7275219;0;2019-06-22 16:37:55;TF1 Téléshopping;12;0;;3;;15889;9L25551106131;9L1253708252200070000031;008070000007634548;B32B455E-D669-4CD6-84D1-CEBCE5DC5C9C;0.70;12;0,00;
008070000007634346;10;TSH;TSH7275221;0;2019-06-22 16:37:48;TF1 Téléshopping;12;0;;223;24R;2079;14287126460101906553464852;28712646;008070000007634346;F704FAF5-1237-4541-ADAF-81F5E51D7EC5;0.70;12;0,00;
008070000007634106;10;TSH;TSH7275226;0;2019-06-22 16:37:40;TF1 Téléshopping;12;0;;228;S;15029;11200181300834830;;008070000007634106;B064A822-171B-44C0-9776-B789C7070332;0.70;12;0,00;
008070000007634353;10;TSH;TSH7275236;0;2019-06-22 16:37:49;TF1 Téléshopping;12;0;;228;S;15029;11200181302264140;;008070000007634353;BD9A2BB0-079A-4B07-A462-E2CB1778D2DC;0.70;12;0,00;
008070000007634151;10;TSH;TSH7275244;0;2019-06-22 16:37:42;TF1 Téléshopping;12;0;;228;S;15029;11200181301186220;;008070000007634151;3B43A03B-3779-4D23-8E67-29678380CCF0;0.70;12;0,00;
008070000007634649;10;TSH;TSH7275254;0;2019-06-22 16:37:59;TF1 Téléshopping;12;0;;228;S;15029;11200181304022550;;008070000007634649;4BD9A620-61A7-48CD-91C6-34800CA63027;0.70;12;0,00;
008070000007634182;10;TSH;TSH7275258;0;2019-06-22 16:37:43;TF1 Téléshopping;12;0;;228;S;15029;11200181301329760;;008070000007634182;E794F13F-BDF3-44D9-A30C-0F1E53F4BB86;0.70;12;0,00;
008070000007634120;10;TSH;TSH7275260;0;2019-06-22 16:37:41;TF1 Téléshopping;12;0;;228;S;15029;11200181301033360;;008070000007634120;B2CF7C1F-F004-42EC-A67A-F2A942360D66;0.70;12;0,00;
008070000007634454;10;TSH;TSH7275265;0;2019-06-22 16:37:52;TF1 Téléshopping;12;0;;228;S;15029;11200181302838790;;008070000007634454;7CFD1AE8-D1F2-4C39-A138-B2139ECCEBF4;0.70;12;0,00;
008070000007634593;10;TSH;TSH7275277;0;2019-06-22 16:37:57;TF1 Téléshopping;12;0;;228;S;15029;11200181303562143;;008070000007634593;D9DEBB0E-0A9F-470D-B074-138F70D791DD;0.70;12;0,00;
008070000007634377;10;TSH;TSH7275288;0;2019-06-22 16:37:49;TF1 Téléshopping;12;0;;228;S;15029;11200181302378580;;008070000007634377;E0415F44-F1DD-4FD4-B699-9E0670B4633B;0.70;12;0,00;
008070000007567019;10;TSH;TSH7275579;0;2019-06-22 16:52:12;TF1 Téléshopping;12;0;;3;;15889;9L25551106483;9L1066708252200182000080;008070000007567019;A29ABFB0-FEC6-4D61-95EE-D370BFA59768;1.82;12;0,00;
008070000007634168;10;TSH;TSH7275691;0;2019-06-22 16:37:42;TF1 Téléshopping;12;0;;228;S;15029;11200181301276240;;008070000007634168;D18AE465-F8F3-458B-B1B4-0135584F7C8B;0.70;12;0,00;
008070000007634579;10;TSH;TSH7275695;0;2019-06-22 16:37:56;TF1 Téléshopping;12;0;;3;;15889;9L25551106148;9L1147308252200070000048;008070000007634579;BCF3EC88-8B38-417A-A3E1-4A9131B4463E;0.70;12;0,00;
008070000007634283;10;TSH;TSH7275702;0;2019-06-22 16:37:46;TF1 Téléshopping;12;0;;228;S;15029;11200181301866700;;008070000007634283;ED1F2218-50D5-45AE-B233-7F1BFBB9551E;0.70;12;0,00;
008070000007634199;10;TSH;TSH7275948;0;2019-06-22 16:37:43;TF1 Téléshopping;12;0;;223;24R;2079;14287126390101907293016040;28712639;008070000007634199;E2BAC392-F131-4BF7-A2F6-06F1FCCC2359;0.70;12;0,00;
008070000007634409;10;TSH;TSH7276026;0;2019-06-22 16:37:50;TF1 Téléshopping;12;0;;228;S;15029;11200181302502200;;008070000007634409;5A415B64-3AE6-44D4-A319-90FFC32CD6A3;0.70;12;0,00;
008070000007634531;10;TSH;TSH7276357;0;2019-06-22 16:37:55;TF1 Téléshopping;12;0;;228;S;15029;11200181303327300;;008070000007634531;1FDB55D2-9004-4184-97AA-1B241FE79593;0.70;12;0,00;
008070000007587996;10;TSH;TSH7276380;0;2019-06-22 16:51:42;TF1 Téléshopping;12;0;;3;;15889;9L25551106476;9L1725008252200182000073;008070000007587996;7D810C51-3840-4AA5-A260-A10F9E795FC3;1.82;12;0,00;
008070000007634461;10;TSH;TSH7276629;0;2019-06-22 16:37:53;TF1 Téléshopping;12;0;;228;S;15029;11200181302947550;;008070000007634461;F95715AE-40A2-4660-924B-0CBBF0CAD08C;0.70;12;0,00;
008070000007605782;10;TSH;TSH7276678;0;2019-06-22 16:50:48;TF1 Téléshopping;12;0;;3;;15889;9L25551106452;9L1067308252200182000059;008070000007605782;FE5400FD-C455-4BBD-940A-E3892A60D79F;1.82;12;0,00;
008070000007602109;10;TSH;TSH7276768;0;2019-06-22 16:50:48;TF1 Téléshopping;12;0;;3;;15889;9L25551106438;9L1063908252200182000035;008070000007602109;1D409E08-2E88-4F47-827D-92A50045254A;1.82;12;0,00;
008070000007634423;10;TSH;TSH7277198;0;2019-06-22 16:37:51;TF1 Téléshopping;12;0;;228;S;15029;11200181302625300;;008070000007634423;6CD7E6AA-7EC1-48CB-B3C2-D8B13AC02A63;0.70;12;0,00;
008070000007600530;10;TSH;TSH7277207;0;2019-06-22 16:50:47;TF1 Téléshopping;12;0;;3;;15889;9L25551106421;9L1066708252200182000028;008070000007600530;8226B43D-88C0-4992-A063-B1FE0A20C31F;1.82;12;0,00;
008070000007634478;10;TSH;TSH7277319;0;2019-06-22 16:37:53;TF1 Téléshopping;12;0;;228;S;15029;11200181303074000;;008070000007634478;3F67296A-3DE6-4ED8-A84B-F5DF08FBFBA2;0.70;12;0,00;
008070000007634601;10;TSH;TSH7277334;0;2019-06-22 16:37:57;TF1 Téléshopping;12;0;;228;S;15029;11200181303647230;;008070000007634601;DD261A98-1A30-4111-8F08-6F042089FECF;0.70;12;0,00;
008070000007634618;10;TSH;TSH7277337;0;2019-06-22 16:37:58;TF1 Téléshopping;12;0;;228;S;15029;11200181303739300;;008070000007634618;5BE96E31-D9A0-4770-8F50-BE460E88984A;0.70;12;0,00;
008070000007634555;10;TSH;TSH7277347;0;2019-06-22 16:37:56;TF1 Téléshopping;12;0;;223;24R;2079;14287126510101005113929083;28712651;008070000007634555;72FA3F9F-06B3-4BE3-B9D9-887C77A9C83E;0.70;12;0,00;
008070000007634492;10;TSH;TSH7277382;0;2019-06-22 16:37:54;TF1 Téléshopping;12;0;;228;S;15029;11200181303190000;;008070000007634492;C3F7740C-2D43-4346-93F8-9F78A502EA39;0.70;12;0,00;
008070000007635622;10;TSH;TSH7277396;0;2019-06-22 16:42:29;TF1 Téléshopping;12;0;;228;S;15029;11200181310178160;;008070000007635622;18C5FDC8-DFA4-4300-BC6D-1DACD36B2F65;1.24;12;0,00;
008070000007634416;10;TSH;TSH7277404;0;2019-06-22 16:37:51;TF1 Téléshopping;12;0;;223;24R;2079;14287126480101808413054410;28712648;008070000007634416;23A08296-916C-4EDC-AFAB-3266024E0B8E;0.70;12;0,00;
008070000007558503;10;TSH;TSH7277409;0;2019-06-22 16:52:37;TF1 Téléshopping;12;0;;3;;15889;9L25551106506;9L1834808252200182000004;008070000007558503;B9E419AF-F0F7-4165-9B99-042E3A9EFCE2;1.82;12;0,00;
008070000007634430;10;TSH;TSH7277426;0;2019-06-22 16:37:51;TF1 Téléshopping;12;0;;228;S;15029;11200181302783550;;008070000007634430;63666A73-C1E6-40FC-BFD9-6FF9820AD797;0.70;12;0,00;
008070000007634252;10;TSH;TSH7277429;0;2019-06-22 16:37:45;TF1 Téléshopping;12;0;;228;S;15029;11200181301521110;;008070000007634252;3164EEF4-5D17-43E8-8DB5-70BC6866277E;0.70;12;0,00;
008070000007634524;10;TSH;TSH7277443;0;2019-06-22 16:37:55;TF1 Téléshopping;12;0;;228;S;15029;11200181303263300;;008070000007634524;D3A65BA7-436E-4BBF-97E7-5F3143CEB838;0.70;12;0,00;
008070000007634144;10;TSH;TSH7277465;0;2019-06-22 16:37:41;TF1 Téléshopping;12;0;;223;24R;2079;14287126370101006483352466;28712637;008070000007634144;39B34534-C160-4B12-8508-EE00A7DF4C13;0.70;12;0,00;
008070000007634632;10;TSH;TSH7277483;0;2019-06-22 16:37:58;TF1 Téléshopping;12;0;;228;S;15029;11200181303940220;;008070000007634632;FF5D8981-3664-4712-8EDB-A4F2A36D9AA1;0.70;12;0,00;
008070000007634113;10;TSH;TSH7277500;0;2019-06-22 16:37:40;TF1 Téléshopping;12;0;;228;S;15029;11200181300927200;;008070000007634113;AFDA7FDF-CFC5-4E7D-9E54-B069F92AA4BF;0.70;12;0,00;
008070000007634276;10;TSH;TSH7277501;0;2019-06-22 16:37:46;TF1 Téléshopping;12;0;;228;S;15029;11200181301768120;;008070000007634276;C54E7BFF-F558-4E6B-B194-1487FDFAA5F3;0.70;12;0,00;
008070000007634562;10;TSH;TSH7277502;0;2019-06-22 16:37:56;TF1 Téléshopping;12;0;;223;24R;2079;14287126520101407623641907;28712652;008070000007634562;2F315132-243E-4308-9C29-690445BB8F5C;0.70;12;0,00;
008070000007634586;10;TSH;TSH7277526;0;2019-06-22 16:37:57;TF1 Téléshopping;12;0;;228;S;15029;11200181303418150;;008070000007634586;A2D93B6D-FD0C-4110-AB67-D9EF37B11917;0.70;12;0,00;
008070000007634656;10;TSH;TSH7277586;0;2019-06-22 16:37:59;TF1 Téléshopping;12;0;;3;;15889;9L25551106155;9L1644508252200070000055;008070000007634656;71824F8F-59E0-42F1-A084-86089F22CD77;0.70;12;0,00;
008070000007634221;10;TSH;TSH7277588;0;2019-06-22 16:37:44;TF1 Téléshopping;12;0;;223;24R;2079;14287126410101606763268835;28712641;008070000007634221;EBB19FD2-6A8D-4C2F-A58C-343FBD387B9F;0.70;12;0,00;
008070000007634500;10;TSH;TSH7277632;0;2019-06-22 16:37:54;TF1 Téléshopping;12;0;;3;;15889;9L25551106124;9L1371208252200070000024;008070000007634500;B0E954E8-C7F7-45F2-BE80-0378418EF0EE;0.70;12;0,00;
008070000007634207;10;TSH;TSH7277654;0;2019-06-22 16:37:44;TF1 Téléshopping;12;0;;228;S;15029;11200181301477270;;008070000007634207;E2570B17-56CB-477B-A8E0-1016DD791391;0.70;12;0,00;
008070000007634269;10;TSH;TSH7277831;0;2019-06-22 16:37:46;TF1 Téléshopping;12;0;;228;S;15029;11200181301664600;;008070000007634269;9183EB3B-78FD-4B3E-A854-20609E1A721E;0.70;12;0,00;
008070000007634175;10;TSH;TSH7277836;0;2019-06-22 16:37:43;TF1 Téléshopping;12;0;;223;24R;2079;14287126380101407293413279;28712638;008070000007634175;F11F2900-F33B-4FDF-A42B-96E549763B30;0.70;12;0,00;
008070000007635608;10;TSH;TSH7277841;0;2019-06-22 16:42:29;TF1 Téléshopping;12;0;;223;24R;2079;14287126770101405113791383;28712677;008070000007635608;C4FF0415-FD3F-4C05-88D3-E5C6E7E76DD7;1.24;12;0,00;
008070000007634360;10;TSH;TSH7277867;0;2019-06-22 16:37:49;TF1 Téléshopping;12;0;;3;;15889;9L25551106100;9L1592868252200070000000;008070000007634360;8D7085EA-23AB-4D12-8F3D-35B37767A87C;0.70;12;0,00;
008070000007635590;10;TSH;TSH7277903;0;2019-06-22 16:42:28;TF1 Téléshopping;12;0;;3;;15889;9L25551106292;9L1475008252200124000093;008070000007635590;201CEBB6-9493-4131-9617-155D2223ABB4;1.24;12;0,00;
008070000007634214;10;TSH;TSH7277912;0;2019-06-22 16:37:44;TF1 Téléshopping;12;0;;223;24R;2079;14287126400101107293000039;28712640;008070000007634214;306F38EB-83A7-43BB-AC7B-1A0D9631092E;0.70;12;0,00;
008070000007634384;10;TSH;TSH7277927;0;2019-06-22 16:37:50;TF1 Téléshopping;12;0;;228;S;15029;11200181302478280;;008070000007634384;9EB80DBE-8EAD-438B-A363-4D8BEE722A9E;0.70;12;0,00;
008070000007635653;10;TSH;TSH7277948;0;2019-06-22 16:42:30;TF1 Téléshopping;12;0;;223;24R;2079;14287126780101902213215550;28712678;008070000007635653;EF6B8C5E-FE9C-4974-840B-457B8378CDDA;1.24;12;0,00;
008070000007635468;10;TSH;TSH7277984;0;2019-06-22 16:42:24;TF1 Téléshopping;12;0;;223;24R;2079;14287126730101606883000810;28712673;008070000007635468;65355C85-C7A8-4BF3-9E7B-87514385C654;1.24;12;0,00;
008070000007634322;10;TSH;TSH7277991;0;2019-06-22 16:37:48;TF1 Téléshopping;12;0;;228;S;15029;11200181302076580;;008070000007634322;62C0C5A7-B00B-42BF-83A4-FA643439D952;0.70;12;0,00;
008070000007635552;10;TSH;TSH7278055;0;2019-06-22 16:42:27;TF1 Téléshopping;12;0;;228;S;15029;11200181309963700;;008070000007635552;D447D24D-AAD5-4FF4-98D1-1F4A85FFD0B3;1.24;12;0,00;
008070000007635709;10;TSH;TSH7278057;0;2019-06-22 16:42:32;TF1 Téléshopping;12;0;;223;24R;2079;14287126790101307203470660;28712679;008070000007635709;86EAB5B7-0419-4A86-858A-48CA0AD17B0E;1.24;12;0,00;
008070000007634447;10;TSH;TSH7278069;0;2019-06-22 16:37:52;TF1 Téléshopping;12;0;;223;24R;2079;14287126490101207293016512;28712649;008070000007634447;6367586E-A948-484D-9C7B-2E9A1239F4F9;0.70;12;0,00;
008070000007635639;10;TSH;TSH7278072;0;2019-06-22 16:42:30;TF1 Téléshopping;12;0;;228;S;15029;11200181310279220;;008070000007635639;00A420E5-0697-4132-86BB-0F342572ABCD;1.24;12;0,00;
008070000007635615;10;TSH;TSH7278077;0;2019-06-22 16:42:29;TF1 Téléshopping;12;0;;228;S;15029;11200181310094300;;008070000007635615;1B70CEF3-4C45-4A65-8DFB-FA9C299CEB37;1.24;12;0,00;
008070000007635716;10;TSH;TSH7278083;0;2019-06-22 16:42:32;TF1 Téléshopping;12;0;;228;S;15029;11200181310883600;;008070000007635716;59EE1763-9DD4-4A4A-B7F9-87D6F2D24BA0;1.24;12;0,00;
008070000007635723;10;TSH;TSH7278099;0;2019-06-22 16:42:33;TF1 Téléshopping;12;0;;228;S;15029;11200181310976210;;008070000007635723;DB449FA0-EF00-429D-ADE6-9F15A1038FDE;1.24;12;0,00;
008070000007635646;10;TSH;TSH7278112;0;2019-06-22 16:42:30;TF1 Téléshopping;12;0;;228;S;15029;11200181310333360;;008070000007635646;ADA719AE-A9AE-496E-846B-EFCEEEF3562B;1.24;12;0,00;
008070000007635451;10;TSH;TSH7278139;0;2019-06-22 16:42:23;TF1 Téléshopping;12;0;;228;S;15029;11200181309225870;;008070000007635451;05290CED-AB14-4F6E-8991-9BBA71C2658A;1.24;12;0,00;
008070000007634238;10;TSH;TSH7278147;0;2019-06-22 16:37:45;TF1 Téléshopping;12;0;;223;24R;2079;14287126420101006623494096;28712642;008070000007634238;7C3FBE49-4892-4B86-99B9-6A9347F25980;0.70;12;0,00;
008070000007634391;10;TSH;TSH7278148;0;2019-06-22 16:37:50;TF1 Téléshopping;12;0;;223;24R;2079;14287126470101302543649719;28712647;008070000007634391;4D90B2C0-E56E-4AC1-AE2C-A51032EEFF3D;0.70;12;0,00;
008070000007634137;10;TSH;TSH7278150;0;2019-06-22 16:37:41;TF1 Téléshopping;12;0;;3;;15889;9L25551106094;9L1823408252200070000093;008070000007634137;EA46F301-7E7F-4C4D-BDD2-CA2142DE479F;0.70;12;0,00;
008070000007635660;10;TSH;TSH7278182;0;2019-06-22 16:42:31;TF1 Téléshopping;12;0;;228;S;15029;11200181310457390;;008070000007635660;92D41E26-E68C-4516-A2D2-95F0D9C4D1B5;1.24;12;0,00;
008070000007574312;10;TSH;TSH7278561;0;2019-06-22 16:51:13;TF1 Téléshopping;12;0;;3;;15889;9L25551106469;9L1064408252200182000066;008070000007574312;2C5F74F9-DC7A-4CCC-8F59-FC089852FCFC;1.82;12;0,00;
008070000007603012;10;TSH;TSH7279448;0;2019-06-22 16:50:48;TF1 Téléshopping;12;0;;3;;15889;9L25551106445;9L1063408252200182000042;008070000007603012;C6C25E16-A460-4B9B-A5E2-6468AFB3B894;1.82;12;0,00;
008070000007635413;10;TSH;TSH7281328;0;2019-06-22 16:41:36;TF1 Téléshopping;12;0;;3;;15889;9L25551106261;9L1723208252200350000065;008070000007635413;F6F7F13A-3CF8-4A4F-81CE-78CDF99A9ACF;3.50;12;0,00;
008070000007633558;10;TSH;TSH7281335;0;2019-06-22 16:34:50;TF1 Téléshopping;12;0;;228;S;15029;11200181298166200;;008070000007633558;BFDE2491-DCD2-4DDE-B5E5-F1B4004DFD27;1.28;12;0,00;
008070000007635970;10;TSH;TSH7281342;0;2019-06-22 16:43:49;TF1 Téléshopping;12;0;;228;S;15029;11200181312177150;;008070000007635970;425346AD-AE68-4CC6-89EB-357F19D35BFD;1.56;12;0,00;
008070000007634928;10;TSH;TSH7281368;0;2019-06-22 16:39:13;TF1 Téléshopping;12;0;;228;S;15029;11200181305648000;;008070000007634928;EB2CB914-50A4-48A5-92D4-459A86AC14DF;5.54;12;0,00;
008070000007635420;10;TSH;TSH7281392;0;2019-06-22 16:41:36;TF1 Téléshopping;12;0;;223;24R;2079;14287126710101707193116064;28712671;008070000007635420;91C7249B-4F29-4B9A-A459-63A4E67EEB8B;3.50;12;0,00;
008070000007633565;10;TSH;TSH7281402;0;2019-06-22 16:34:51;TF1 Téléshopping;12;0;;228;S;15029;11200181298262840;;008070000007633565;A1475E5D-92C8-4916-9E90-18CA9EAD81B6;1.28;12;0,00;
008070000007635158;10;TSH;TSH7281404;0;2019-06-22 16:41:27;TF1 Téléshopping;12;0;;228;S;15029;11200181307472200;;008070000007635158;55028232-96EB-4385-8191-6735FDA0640A;3.50;12;0,00;
008070000007635545;10;TSH;TSH7281422;0;2019-06-22 16:42:27;TF1 Téléshopping;12;0;;223;24R;2079;14287126740101002543497439;28712674;008070000007635545;8782EBA6-D5F0-43D7-BB8B-B01592436426;1.24;12;0,00;
008070000007633712;10;TSH;TSH7281423;0;2019-06-22 16:34:56;TF1 Téléshopping;12;0;;228;S;15029;11200181298969440;;008070000007633712;80EC41AD-540E-4D76-A5CB-80515449F02D;1.28;12;0,00;
008070000007633659;10;TSH;TSH7281428;0;2019-06-22 16:34:54;TF1 Téléshopping;12;0;;228;S;15029;11200181298769002;;008070000007633659;494725FE-B4FA-45C4-A82E-343BFEE78739;1.28;12;0,00;
008070000007636162;10;TSH;TSH7281435;0;2019-06-22 16:44:49;TF1 Téléshopping;12;0;;228;S;15029;11200181313367800;;008070000007636162;E1C9F9A0-F279-4EDA-81EB-9D7DE5C65CAE;0.28;12;0,00;
008070000007633969;10;TSH;TSH7281439;0;2019-06-22 16:36:28;TF1 Téléshopping;12;0;;223;24R;2079;14287126330101107223898003;28712633;008070000007633969;B296BEBE-C680-4A9D-865F-1E2E39D40C79;1.80;12;0,00;
008070000007633510;10;TSH;TSH7281442;0;2019-06-22 16:34:49;TF1 Téléshopping;12;0;;223;24R;2079;14287126200101406623026572;28712620;008070000007633510;B5EB8309-7DEE-4B71-ABBF-9DB13540C034;1.28;12;0,00;
008070000007635280;10;TSH;TSH7281450;0;2019-06-22 16:41:31;TF1 Téléshopping;12;0;;228;S;15029;11200181308344210;;008070000007635280;67030F21-96C1-404F-8F8F-F423F8D3F27E;3.50;12;0,00;
008070000007631770;10;TSH;TSH7281460;0;2019-06-22 16:34:06;TF1 Téléshopping;12;0;;228;S;15029;11200181297559112;;008070000007631770;90732119-547F-40EB-83BB-E16EBCFC16B2;3.06;12;0,00;
008070000007631756;10;TSH;TSH7281468;0;2019-06-22 16:34:05;TF1 Téléshopping;12;0;;228;S;15029;11200181297314490;;008070000007631756;86650612-41FD-4C4D-86C9-93E81F2AAF0E;3.06;12;0,00;
008070000007633729;10;TSH;TSH7281475;0;2019-06-22 16:34:56;TF1 Téléshopping;12;0;;223;24R;2079;14287126280101007153083325;28712628;008070000007633729;2F83CD34-2F58-43F0-B6D7-68FA63C89240;1.28;12;0,00;
008070000007631857;10;TSH;TSH7281484;0;2019-06-22 16:34:08;TF1 Téléshopping;12;0;;3;;15889;9L25551105943;9L1384208252200306000040;008070000007631857;B328D624-B326-47EF-8F48-AC7C4B37BEE1;3.06;12;0,00;
008070000007635064;10;TSH;TSH7281495;0;2019-06-22 16:39:18;TF1 Téléshopping;12;0;;223;24R;2079;14287126610101306553647930;28712661;008070000007635064;7ACE31D9-4EBB-4A2C-A6CD-11FCBD0D67B8;5.54;12;0,00;
008070000007636009;10;TSH;TSH7281503;0;2019-06-22 16:43:50;TF1 Téléshopping;12;0;;3;;15889;9L25551106346;9L1264008252200156000047;008070000007636009;9A69D168-320B-433E-A429-6A5D8DD7A42F;1.56;12;0,00;
008070000007636061;10;TSH;TSH7281511;0;2019-06-22 16:43:52;TF1 Téléshopping;12;0;;223;24R;2079;14287126880101207373046609;28712688;008070000007636061;788E839B-1C5A-4543-8514-6381857E7503;1.56;12;0,00;
008070000007635406;10;TSH;TSH7281518;0;2019-06-22 16:41:35;TF1 Téléshopping;12;0;;223;24R;2079;14287126700101206883621202;28712670;008070000007635406;5A580846-941C-446E-8336-308D9AB42A6C;3.50;12;0,00;
008070000007631794;10;TSH;TSH7281536;0;2019-06-22 16:34:06;TF1 Téléshopping;12;0;;223;24R;2079;14287126130101401583003904;28712613;008070000007631794;D7FCC88B-70A2-482F-AD19-E042F68433BB;3.06;12;0,00;
008070000007633990;10;TSH;TSH7281541;0;2019-06-22 16:36:29;TF1 Téléshopping;12;0;;3;;15889;9L25551106063;9L1742708252200180000068;008070000007633990;8BDB5E17-F57A-4E50-B866-D8138B4436A0;1.80;12;0,00;
008070000007633767;10;TSH;TSH7281549;0;2019-06-22 16:34:58;TF1 Téléshopping;12;0;;228;S;15029;11200181299276600;;008070000007633767;D91D2BBC-1871-4C4A-8C84-E544CBFA3B97;1.28;12;0,00;
008070000007635235;10;TSH;TSH7281559;0;2019-06-22 16:41:30;TF1 Téléshopping;12;0;;228;S;15029;11200181307844116;;008070000007635235;A9CB4326-4460-4A3F-B04A-200FA52E2C37;3.50;12;0,00;
008070000007635242;10;TSH;TSH7281560;0;2019-06-22 16:41:30;TF1 Téléshopping;12;0;;228;S;15029;11200181307944116;;008070000007635242;DC9C5627-EFE2-44B9-8B23-66EAFC92A6E6;3.50;12;0,00;
008070000007635259;10;TSH;TSH7281561;0;2019-06-22 16:41:30;TF1 Téléshopping;12;0;;228;S;15029;11200181308044116;;008070000007635259;19FBD4AB-96C1-47E7-8035-460F5C2266DE;3.50;12;0,00;
008070000007642646;10;TSH;TSH7281565;0;2019-06-22 16:48:18;TF1 Téléshopping;12;0;;228;S;15029;11200181315268440;;008070000007642646;9630CEA5-4B84-49BB-9E11-6109E5416ACE;1.52;12;0,00;
008070000007636333;10;TSH;TSH7281575;0;2019-06-22 16:44:55;TF1 Téléshopping;12;0;;228;S;15029;11200181314375019;;008070000007636333;E4A0590E-78A0-4C44-9CB1-A3D574FD7382;0.28;12;0,00;
008070000007635569;10;TSH;TSH7281577;0;2019-06-22 16:42:27;TF1 Téléshopping;12;0;;223;24R;2079;14287126750101507203058955;28712675;008070000007635569;2A6F40F1-E3DD-4950-A9EE-50F99AFB30E6;1.24;12;0,00;
008070000007642583;10;TSH;TSH7281578;0;2019-06-22 16:48:16;TF1 Téléshopping;12;0;;3;;15889;9L25551106407;9L1202258252200152000003;008070000007642583;29287539-2797-4AA0-BDFE-7F6D10C2BFDA;1.52;12;0,00;
008070000007636131;10;TSH;TSH7281582;0;2019-06-22 16:44:48;TF1 Téléshopping;12;0;;228;S;15029;11200181313176890;;008070000007636131;AAB39CB3-F229-4D4C-B77B-5F210F4F5208;0.28;12;0,00;
008070000007636340;10;TSH;TSH7281586;0;2019-06-22 16:44:55;TF1 Téléshopping;12;0;;3;;15889;9L25551106384;9L1636008252200028000083;008070000007636340;77680138-0901-4664-8241-122515C6123A;0.28;12;0,00;
008070000007642545;10;TSH;TSH7281587;0;2019-06-22 16:48:15;TF1 Téléshopping;12;0;;228;S;15029;11200181314875019;;008070000007642545;8B250B88-2FEE-471C-AB55-6EE652047E9A;1.52;12;0,00;
008070000007631826;10;TSH;TSH7281594;0;2019-06-22 16:34:07;TF1 Téléshopping;12;0;;223;24R;2079;14287126160101809303080640;28712616;008070000007631826;63756AF3-D461-475C-BEFD-F1C7A3FD4FAB;3.06;12;0,00;
008070000007635381;10;TSH;TSH7281601;0;2019-06-22 16:41:35;TF1 Téléshopping;12;0;;223;24R;2079;14287126690101007193373890;28712669;008070000007635381;ABFF5AAA-401D-4005-9587-7BCC3E4F7E38;3.50;12;0,00;
008070000007636249;10;TSH;TSH7281602;0;2019-06-22 16:44:52;TF1 Téléshopping;12;0;;228;S;15029;11200181313911120;;008070000007636249;675CCA65-B799-4030-9BCB-60C4F78F6D30;0.28;12;0,00;
008070000007642622;10;TSH;TSH7281614;0;2019-06-22 16:48:18;TF1 Téléshopping;12;0;;223;24R;2079;14287127010101002653186005;28712701;008070000007642622;B44D49D7-54F3-4CC2-BC6B-25A2D4A6B67A;1.52;12;0,00;
008070000007635002;10;TSH;TSH7281615;0;2019-06-22 16:39:16;TF1 Téléshopping;12;0;;228;S;15029;11200181306116230;;008070000007635002;2CCD7845-1EFF-4296-8315-1E6A8DEB3313;5.54;12;0,00;
008070000007636357;10;TSH;TSH7281616;0;2019-06-22 16:44:56;TF1 Téléshopping;12;0;;228;S;15029;11200181314451100;;008070000007636357;571261CB-9730-484A-A534-B8AE0415675E;0.28;12;0,00;
008070000007634827;10;TSH;TSH7281619;0;2019-06-22 16:39:09;TF1 Téléshopping;12;0;;228;S;15029;11200181305277270;;008070000007634827;FA7DB8EC-1743-44DF-959F-482695AE3108;5.54;12;0,00;
008070000007634973;10;TSH;TSH7281623;0;2019-06-22 16:39:15;TF1 Téléshopping;12;0;;228;S;15029;11200181306066000;;008070000007634973;CE867542-0476-4E9A-8CA6-8E7B17D3DC95;5.54;12;0,00;
008070000007634694;10;TSH;TSH7281624;0;2019-06-22 16:39:05;TF1 Téléshopping;12;0;;223;24R;2079;14287126530101905113038561;28712653;008070000007634694;28A4F81B-3FA6-4AF9-BBBB-85297AFF4E42;5.54;12;0,00;
008070000007634012;10;TSH;TSH7281626;0;2019-06-22 16:36:30;TF1 Téléshopping;12;0;;228;S;15029;11200181300230210;;008070000007634012;B6C4EE13-8593-4C3C-BC07-063E38A5BA4A;1.80;12;0,00;
008070000007636155;10;TSH;TSH7281633;0;2019-06-22 16:44:49;TF1 Téléshopping;12;0;;228;S;15029;11200181313240180;;008070000007636155;E513B5C1-2BF9-4850-8B84-EDE186D9B94B;0.28;12;0,00;
008070000007636092;10;TSH;TSH7281635;0;2019-06-22 16:44:47;TF1 Téléshopping;12;0;;228;S;15029;11200181312977720;;008070000007636092;D6354591-D7CC-484D-B70E-12CB0A293388;0.28;12;0,00;
008070000007631787;10;TSH;TSH7281646;0;2019-06-22 16:34:06;TF1 Téléshopping;12;0;;228;S;15029;11200181297688000;;008070000007631787;BC7D0B6F-146D-43F0-90EC-A6F3C5DEF4A6;3.06;12;0,00;
008070000007642615;10;TSH;TSH7281648;0;2019-06-22 16:48:17;TF1 Téléshopping;12;0;;223;24R;2079;14287127000101506483640925;28712700;008070000007642615;8B762CA3-A5EF-48B3-9FAC-84536F26DC66;1.52;12;0,00;
008070000007636364;10;TSH;TSH7281651;0;2019-06-22 16:44:56;TF1 Téléshopping;12;0;;3;;15889;9L25551106391;9L1242408252200028000090;008070000007636364;AF55ACC1-6DCA-4562-B38D-1D75CCF6A0F0;0.28;12;0,00;
008070000007631833;10;TSH;TSH7281652;0;2019-06-22 16:34:08;TF1 Téléshopping;12;0;;228;S;15029;11200181297775013;;008070000007631833;93448F55-2224-40BC-A4AD-1649947F9E3B;3.06;12;0,00;
008070000007631840;10;TSH;TSH7281653;0;2019-06-22 16:34:08;TF1 Téléshopping;12;0;;223;24R;2079;14287126170101202543637893;28712617;008070000007631840;0A005E70-2DA4-4A8B-975A-CAE4B5CC910B;3.06;12;0,00;
008070000007634043;10;TSH;TSH7281667;0;2019-06-22 16:36:31;TF1 Téléshopping;12;0;;228;S;15029;11200181300551190;;008070000007634043;5DCB4E3C-0417-4BF0-BF7D-04352BB1B809;1.80;12;0,00;
008070000007635057;10;TSH;TSH7281674;0;2019-06-22 16:39:17;TF1 Téléshopping;12;0;;3;;15889;9L25551106230;9L1475008252200554000038;008070000007635057;29475044-2D1A-413E-9944-32D80B45490F;5.54;12;0,00;
008070000007642521;10;TSH;TSH7281675;0;2019-06-22 16:48:14;TF1 Téléshopping;12;0;;228;S;15029;11200181314730900;;008070000007642521;4CAFEF94-2D53-4D42-A62E-424CEC31FDC9;1.52;12;0,00;
008070000007636179;10;TSH;TSH7281676;0;2019-06-22 16:44:49;TF1 Téléshopping;12;0;;228;S;15029;11200181313476100;;008070000007636179;BE78E7D8-CE8A-4565-ACC2-D06D42812255;0.28;12;0,00;
008070000007636287;10;TSH;TSH7281679;0;2019-06-22 16:44:53;TF1 Téléshopping;12;0;;3;;15889;9L25551106360;9L1301208252200028000069;008070000007636287;58A9910C-DD53-418A-9F8C-B9B1BA5D4BB5;0.28;12;0,00;
008070000007636294;10;TSH;TSH7281682;0;2019-06-22 16:44:54;TF1 Téléshopping;12;0;;228;S;15029;11200181314154950;;008070000007636294;08DF4421-5812-4D59-982D-B91E3BA3DAA7;0.28;12;0,00;
008070000007634764;10;TSH;TSH7281683;0;2019-06-22 16:39:07;TF1 Téléshopping;12;0;;228;S;15029;11200181304693130;;008070000007634764;F2CC72C7-FAB0-44F6-8E29-DB51D5E01FC6;5.54;12;0,00;
008070000007636225;10;TSH;TSH7281684;0;2019-06-22 16:44:51;TF1 Téléshopping;12;0;;228;S;15029;11200181313741700;;008070000007636225;4B4374E5-8363-4CC7-95C7-F346E22BA544;0.28;12;0,00;
008070000007636186;10;TSH;TSH7281686;0;2019-06-22 16:44:50;TF1 Téléshopping;12;0;;228;S;15029;11200181313538200;;008070000007636186;8B37AC27-0960-45FB-A02B-FC6EDD938B72;0.28;12;0,00;
008070000007642639;10;TSH;TSH7281690;0;2019-06-22 16:48:18;TF1 Téléshopping;12;0;;228;S;15029;11200181315114700;;008070000007642639;DE3B4D8A-5FAA-428E-B094-DC1CC54BBC19;1.52;12;0,00;
008070000007636326;10;TSH;TSH7281691;0;2019-06-22 16:44:55;TF1 Téléshopping;12;0;;3;;15889;9L25551106377;9L1835208252200028000076;008070000007636326;38F3B802-82BF-40BF-833E-9B399422F3E5;0.28;12;0,00;
008070000007631725;10;TSH;TSH7281696;0;2019-06-22 16:34:04;TF1 Téléshopping;12;0;;223;24R;2079;14287126120101007153521080;28712612;008070000007631725;30998230-AA08-47F0-B5BB-8F83E20C2CEA;3.06;12;0,00;
008070000007633680;10;TSH;TSH7281698;0;2019-06-22 16:34:55;TF1 Téléshopping;12;0;;223;24R;2079;14287126260101105113444829;28712626;008070000007633680;1CE865A6-6EEA-42E0-BFDC-0DFBAD173CF3;1.28;12;0,00;
008070000007642538;10;TSH;TSH7281699;0;2019-06-22 16:48:14;TF1 Téléshopping;12;0;;258;030;6212;323210549007281699001030;;008070000007642538;DD47345D-807C-4CC5-B9E6-AC065439268E;1.52;12;0,00;
008070000007636124;10;TSH;TSH7281701;0;2019-06-22 16:44:48;TF1 Téléshopping;12;0;;228;S;15029;11200181313069290;;008070000007636124;27A68A1D-AD13-45D1-980E-7C624B57216D;0.28;12;0,00;
008070000007636371;10;TSH;TSH7281705;0;2019-06-22 16:44:56;TF1 Téléshopping;12;0;;228;S;15029;11200181314534630;;008070000007636371;A60688AC-4CD7-4E5C-99C4-057D7B373154;0.28;12;0,00;
008070000007631864;10;TSH;TSH7281707;0;2019-06-22 16:34:09;TF1 Téléshopping;12;0;;3;;15889;9L25551105950;9L1071208252200306000057;008070000007631864;B8C8A9F1-34FA-4A37-B417-69DB40BD3626;3.06;12;0,00;
008070000007635398;10;TSH;TSH7281711;0;2019-06-22 16:41:35;TF1 Téléshopping;12;0;;3;;15889;9L25551106254;9L1421558252200350000058;008070000007635398;B6CE1401-AAC1-427A-B57C-A343322DCEFD;3.50;12;0,00;
008070000007631888;10;TSH;TSH7281728;0;2019-06-22 16:34:09;TF1 Téléshopping;12;0;;228;S;15029;11200181297894200;;008070000007631888;78CBC63C-299E-48D9-985A-21E499BA597D;3.06;12;0,00;
008070000007635196;10;TSH;TSH7281729;0;2019-06-22 16:41:28;TF1 Téléshopping;12;0;;3;;15889;9L25551106247;9L1164808252200350000041;008070000007635196;E81269E5-B8F8-4ECA-A6C9-1AAF23F1AD2F;3.50;12;0,00;
008070000007631871;10;TSH;TSH7281738;0;2019-06-22 16:34:09;TF1 Téléshopping;12;0;;223;24R;2079;14287126180101709303985520;28712618;008070000007631871;D21020BD-A364-4E24-B511-1F889D298AA9;3.06;12;0,00;
008070000007634036;10;TSH;TSH7281752;0;2019-06-22 16:36:31;TF1 Téléshopping;12;0;;228;S;15029;11200181300478360;;008070000007634036;AEBE75B8-69EA-4D8B-91A4-E81C46B724A9;1.80;12;0,00;
008070000007636047;10;TSH;TSH7281755;0;2019-06-22 16:43:52;TF1 Téléshopping;12;0;;228;S;15029;11200181312562118;;008070000007636047;E5B73224-EF9C-498A-A984-C4CFB00E17E1;1.56;12;0,00;
008070000007633837;10;TSH;TSH7281773;0;2019-06-22 16:35:00;TF1 Téléshopping;12;0;;228;S;15029;11200181299585220;;008070000007633837;8D669589-29C5-41B6-A960-E662CCDF427A;1.28;12;0,00;
008070000007633976;10;TSH;TSH7281789;0;2019-06-22 16:36:29;TF1 Téléshopping;12;0;;223;24R;2079;14287126340101605113172560;28712634;008070000007633976;1E47928A-6CD8-4C80-BA1C-DD7F11D3499B;1.80;12;0,00;
008070000007635691;10;TSH;TSH7281801;0;2019-06-22 16:42:32;TF1 Téléshopping;12;0;;228;S;15029;11200181310730140;;008070000007635691;79C41BFB-6992-43A9-9B39-30F80F52D4B1;1.24;12;0,00;
008070000007633705;10;TSH;TSH7281807;0;2019-06-22 16:34:55;TF1 Téléshopping;12;0;;223;24R;2079;14287126270101606623492395;28712627;008070000007633705;1CDE0A53-D5F9-4EDF-B02F-7FD8EF2FC963;1.28;12;0,00;
008070000007631763;10;TSH;TSH7281811;0;2019-06-22 16:34:05;TF1 Téléshopping;12;0;;228;S;15029;11200181297413127;;008070000007631763;B1C294D9-FDF1-47AA-9FC8-F9448E5BB649;3.06;12;0,00;
008070000007634810;10;TSH;TSH7281812;0;2019-06-22 16:39:09;TF1 Téléshopping;12;0;;228;S;15029;11200181305167770;;008070000007634810;2678CA9F-6F62-4917-9E04-27FEAD1205D6;5.54;12;0,00;
008070000007636085;10;TSH;TSH7281821;0;2019-06-22 16:44:46;TF1 Téléshopping;12;0;;228;S;15029;11200181312862123;;008070000007636085;1F1ECAFB-F30D-4036-A93E-456FEFF92C2F;0.28;12;0,00;
008070000007631718;10;TSH;TSH7281832;0;2019-06-22 16:34:03;TF1 Téléshopping;12;0;;228;S;15029;11200181297027190;;008070000007631718;2C361BFB-03EE-4EF6-B6DD-A60008A0A69C;3.06;12;0,00;
008070000007635040;10;TSH;TSH7281833;0;2019-06-22 16:39:17;TF1 Téléshopping;12;0;;228;S;15029;11200181306338400;;008070000007635040;0CA44B13-759E-4688-946A-86E6AE5BF449;5.54;12;0,00;
008070000007636193;10;TSH;TSH7281836;0;2019-06-22 16:44:50;TF1 Téléshopping;12;0;;223;24R;2079;14287126910101406373764149;28712691;008070000007636193;63C2F0B1-B5FF-4E5C-9FA0-DCE077123D46;0.28;12;0,00;
008070000007634980;10;TSH;TSH7281843;0;2019-06-22 16:39:15;TF1 Téléshopping;12;0;;3;;15889;9L25551106216;9L1411008252200554000014;008070000007634980;B5A8B4C4-46E3-4F8B-938B-236EBC8279F8;5.54;12;0,00;
008070000007636218;10;TSH;TSH7281854;0;2019-06-22 16:44:51;TF1 Téléshopping;12;0;;223;24R;2079;14287126920101906483042475;28712692;008070000007636218;349FB251-A198-49FD-B11D-6B05DD6F391F;0.28;12;0,00;
008070000007634834;10;TSH;TSH7281855;0;2019-06-22 16:39:10;TF1 Téléshopping;12;0;;228;S;15029;11200181305370800;;008070000007634834;DC4F898F-FA17-4FDD-A197-91D42EC2E7D4;5.54;12;0,00;
008070000007642608;10;TSH;TSH7281857;0;2019-06-22 16:48:17;TF1 Téléshopping;12;0;;228;S;15029;11200181315071380;;008070000007642608;5788B546-2185-4B71-8A92-850BB35F3761;1.52;12;0,00;
008070000007634702;10;TSH;TSH7281858;0;2019-06-22 16:39:05;TF1 Téléshopping;12;0;;223;24R;2079;14287126540101302213052937;28712654;008070000007634702;79362838-C030-4F0C-9962-33F79C3FBB03;5.54;12;0,00;
008070000007634858;10;TSH;TSH7281867;0;2019-06-22 16:39:10;TF1 Téléshopping;12;0;;3;;15889;9L25551106186;9L1266008252200554000083;008070000007634858;04AFEBE1-BA8F-4BE2-B1D1-CC22917BDCA3;5.54;12;0,00;
008070000007634719;10;TSH;TSH7281869;0;2019-06-22 16:39:06;TF1 Téléshopping;12;0;;228;S;15029;11200181304359137;;008070000007634719;48AB1161-2610-4951-A6C9-AF439BEAAF48;5.54;12;0,00;
008070000007635754;10;TSH;TSH7281896;0;2019-06-22 16:42:34;TF1 Téléshopping;12;0;;228;S;15029;11200181311169300;;008070000007635754;930244A1-8167-4986-8E04-5BE117B8B3CE;1.24;12;0,00;
008070000007634942;10;TSH;TSH7281901;0;2019-06-22 16:39:14;TF1 Téléshopping;12;0;;228;S;15029;11200181305876210;;008070000007634942;136F4950-C6B6-45E2-8A90-C0EBC31BEEEE;5.54;12;0,00;
008070000007636201;10;TSH;TSH7281918;0;2019-06-22 16:44:51;TF1 Téléshopping;12;0;;228;S;15029;11200181313691200;;008070000007636201;13A20420-D2D8-42BF-A184-9316AD2A272F;0.28;12;0,00;
008070000007635956;10;TSH;TSH7281920;0;2019-06-22 16:43:49;TF1 Téléshopping;12;0;;228;S;15029;11200181311995610;;008070000007635956;C3C28DC0-0F07-41A3-9A1A-DA24B47432BE;1.56;12;0,00;
008070000007634904;10;TSH;TSH7281929;0;2019-06-22 16:39:12;TF1 Téléshopping;12;0;;228;S;15029;11200181305550750;;008070000007634904;984585B5-4642-405A-A1FC-39EC7B89544D;5.54;12;0,00;
008070000007634726;10;TSH;TSH7281930;0;2019-06-22 16:39:06;TF1 Téléshopping;12;0;;223;24R;2079;14287126550101807433742502;28712655;008070000007634726;0EB55388-085E-4114-8213-B41FEB65F892;5.54;12;0,00;
008070000007633983;10;TSH;TSH7281933;0;2019-06-22 16:36:29;TF1 Téléshopping;12;0;;223;24R;2079;14287126350101006623450129;28712635;008070000007633983;B59711F6-9EAE-4B83-8569-0FA78C4F29D2;1.80;12;0,00;
008070000007636232;10;TSH;TSH7281934;0;2019-06-22 16:44:52;TF1 Téléshopping;12;0;;228;S;15029;11200181313811600;;008070000007636232;FCF77360-65E3-4507-B7B4-48345DFA804C;0.28;12;0,00;
008070000007633534;10;TSH;TSH7281962;0;2019-06-22 16:34:50;TF1 Téléshopping;12;0;;223;24R;2079;14287126210101902543043527;28712621;008070000007633534;3A1EF840-F200-4503-953C-47ED3C2D501B;1.28;12;0,00;
008070000007633899;10;TSH;TSH7281970;0;2019-06-22 16:35:02;TF1 Téléshopping;12;0;;228;S;15029;11200181299869007;;008070000007633899;47536DD6-F047-4255-A0F8-A41F149F2426;1.28;12;0,00;
008070000007631802;10;TSH;TSH7281974;0;2019-06-22 16:34:07;TF1 Téléshopping;12;0;;223;24R;2079;14287126140101906773059177;28712614;008070000007631802;C2152B0C-AD9C-4F87-A43F-0DB5E3DC0ABF;3.06;12;0,00;
008070000007633628;10;TSH;TSH7281979;0;2019-06-22 16:34:53;TF1 Téléshopping;12;0;;223;24R;2079;14287126240101207223053364;28712624;008070000007633628;0BD02DE5-A7F0-4A86-986C-15D187DA3409;1.28;12;0,00;
008070000007634074;10;TSH;TSH7281980;0;2019-06-22 16:36:32;TF1 Téléshopping;12;0;;228;S;15029;11200181300657320;;008070000007634074;723DA953-74FF-4345-B120-2DA67FD5A894;1.80;12;0,00;
008070000007634795;10;TSH;TSH7281991;0;2019-06-22 16:39:08;TF1 Téléshopping;12;0;;228;S;15029;11200181304929710;;008070000007634795;7A185A3B-C7FB-4C6E-9A4C-4C6938B567A7;5.54;12;0,00;
008070000007634687;10;TSH;TSH7281994;0;2019-06-22 16:39:04;TF1 Téléshopping;12;0;;228;S;15029;11200181304283130;;008070000007634687;F3CB52BD-2BE6-4777-B8BA-0D1A0D5B3E05;5.54;12;0,00;
008070000007635110;10;TSH;TSH7281997;0;2019-06-22 16:41:25;TF1 Téléshopping;12;0;;228;S;15029;11200181307172260;;008070000007635110;CB2D3899-3F31-4233-8FE6-F2D5261A36E6;3.50;12;0,00;
008070000007635374;10;TSH;TSH7281998;0;2019-06-22 16:41:34;TF1 Téléshopping;12;0;;228;S;15029;11200181309072260;;008070000007635374;93191A9D-8053-4B64-97C8-223C787E71E1;3.50;12;0,00;
008070000007635925;10;TSH;TSH7282008;0;2019-06-22 16:43:48;TF1 Téléshopping;12;0;;223;24R;2079;14287126850101907153025660;28712685;008070000007635925;69D7A441-FB3B-4332-AE55-A638DC821E25;1.56;12;0,00;
008070000007635800;10;TSH;TSH7282017;0;2019-06-22 16:43:44;TF1 Téléshopping;12;0;;3;;15889;9L25551106322;9L1163908252200156000023;008070000007635800;8CBF42B4-4123-4AC3-9D58-461DAC3E79D6;1.56;12;0,00;
008070000007635893;10;TSH;TSH7282019;0;2019-06-22 16:43:47;TF1 Téléshopping;12;0;;223;24R;2079;14287126840101406623781079;28712684;008070000007635893;6473DA82-6BC9-44E7-8355-6AA97DD8B489;1.56;12;0,00;
008070000007634841;10;TSH;TSH7282041;0;2019-06-22 16:39:10;TF1 Téléshopping;12;0;;3;;15889;9L25551106179;9L1712508252200554000076;008070000007634841;19E6A31C-FC8C-4934-9E99-B610A5A946EF;5.54;12;0,00;
008070000007634067;10;TSH;TSH7282043;0;2019-06-22 16:36:32;TF1 Téléshopping;12;0;;3;;15889;9L25551106087;9L1834208252200180000082;008070000007634067;AFAF7ED6-3490-48F7-9A58-22A23A3F2E91;1.80;12;0,00;
008070000007642569;10;TSH;TSH7282050;0;2019-06-22 16:48:15;TF1 Téléshopping;12;0;;223;24R;2079;14287126980101607293889273;28712698;008070000007642569;87B770B6-F2D1-4FB6-935E-269D60A1A29A;1.52;12;0,00;
008070000007635747;10;TSH;TSH7282051;0;2019-06-22 16:42:34;TF1 Téléshopping;12;0;;228;S;15029;11200181311049460;;008070000007635747;57C225D7-1FDD-4C94-B58B-378D3F7794E3;1.24;12;0,00;
008070000007636100;10;TSH;TSH7282054;0;2019-06-22 16:44:47;TF1 Téléshopping;12;0;;3;;15889;9L25551106353;9L1611108252200028000052;008070000007636100;7203BDFA-BF5F-4612-B18F-AB36990CF7FA;0.28;12;0,00;
008070000007634081;10;TSH;TSH7282071;0;2019-06-22 16:36:33;TF1 Téléshopping;12;0;;228;S;15029;11200181300735230;;008070000007634081;04BA99BD-3305-4973-B9C2-F8D806E6EFF2;1.80;12;0,00;
008070000007634997;10;TSH;TSH7282072;0;2019-06-22 16:39:15;TF1 Téléshopping;12;0;;3;;15889;9L25551106223;9L1953508252200554000021;008070000007634997;6B346BF4-92FD-4EFC-87E7-324B4880ABCA;5.54;12;0,00;
008070000007636117;10;TSH;TSH7282079;0;2019-06-22 16:44:47;TF1 Téléshopping;12;0;;223;24R;2079;14287126890101706063853834;28712689;008070000007636117;8907DE3C-1F4B-4107-9C3B-828A025436D8;0.28;12;0,00;
008070000007633938;10;TSH;TSH7282083;0;2019-06-22 16:35:03;TF1 Téléshopping;12;0;;3;;15889;9L25551106056;9L1953508252200128000051;008070000007633938;449A89E4-F786-4E4E-8B88-1296CDD7B126;1.28;12;0,00;
008070000007633945;10;TSH;TSH7282084;0;2019-06-22 16:35:04;TF1 Téléshopping;12;0;;228;S;15029;11200181300049123;;008070000007633945;1219A564-1F82-427C-A153-9BC53BEF67FE;1.28;12;0,00;
008070000007636319;10;TSH;TSH7282095;0;2019-06-22 16:44:54;TF1 Téléshopping;12;0;;228;S;15029;11200181314240110;;008070000007636319;ADF5FE5D-DA4B-4B05-8D6A-86B3F9A9F49A;0.28;12;0,00;
008070000007635824;10;TSH;TSH7282098;0;2019-06-22 16:43:44;TF1 Téléshopping;12;0;;228;S;15029;11200181311214310;;008070000007635824;03DB732D-4FF5-4B8B-A695-91ED3023BA95;1.56;12;0,00;
008070000007633572;10;TSH;TSH7282101;0;2019-06-22 16:34:51;TF1 Téléshopping;12;0;;228;S;15029;11200181298313009;;008070000007633572;15427FA8-69B4-4318-B524-FA54C3AC28A7;1.28;12;0,00;
008070000007634771;10;TSH;TSH7282108;0;2019-06-22 16:39:08;TF1 Téléshopping;12;0;;228;S;15029;11200181304718570;;008070000007634771;DEE114DA-0683-40B4-B048-28FBF46786BA;5.54;12;0,00;
008070000007633736;10;TSH;TSH7282110;0;2019-06-22 16:34:56;TF1 Téléshopping;12;0;;223;24R;2079;14287126290101508413075409;28712629;008070000007633736;5484C6E9-82C1-4752-9A88-8A071EE8593D;1.28;12;0,00;
008070000007631819;10;TSH;TSH7282111;0;2019-06-22 16:34:07;TF1 Téléshopping;12;0;;223;24R;2079;14287126150101306483032828;28712615;008070000007631819;7EA53932-6A16-499E-BF11-10B46D954323;3.06;12;0,00;
008070000007635831;10;TSH;TSH7282116;0;2019-06-22 16:43:45;TF1 Téléshopping;12;0;;223;24R;2079;14287126810101006063763410;28712681;008070000007635831;D1AC71FD-6FCC-4410-AADF-115C491944F0;1.56;12;0,00;
008070000007633813;10;TSH;TSH7282121;0;2019-06-22 16:34:59;TF1 Téléshopping;12;0;;3;;15889;9L25551106001;9L1368008252200128000006;008070000007633813;08E17BAD-6E24-4012-A7E2-48A42421CA9E;1.28;12;0,00;
008070000007633875;10;TSH;TSH7282131;0;2019-06-22 16:35:01;TF1 Téléshopping;12;0;;3;;15889;9L25551106025;9L1318008252200128000020;008070000007633875;08C58FD4-AB6F-4213-AFD3-C851C50BB44E;1.28;12;0,00;
008070000007633604;10;TSH;TSH7282139;0;2019-06-22 16:34:52;TF1 Téléshopping;12;0;;3;;15889;9L25551105967;9L1471508252200128000068;008070000007633604;6462461E-52B4-4FEA-8BE1-29A97C9D7794;1.28;12;0,00;
008070000007635329;10;TSH;TSH7282143;0;2019-06-22 16:41:33;TF1 Téléshopping;12;0;;223;24R;2079;14287126680101506373464005;28712668;008070000007635329;D071D7D3-205D-457D-847E-77262D5A6B07;3.50;12;0,00;
008070000007635583;10;TSH;TSH7282154;0;2019-06-22 16:42:28;TF1 Téléshopping;12;0;;3;;15889;9L25551106285;9L1384508252200124000086;008070000007635583;F1860015-6B0A-47F6-8097-C8F70CA4D8D0;1.24;12;0,00;
008070000007635211;10;TSH;TSH7282160;0;2019-06-22 16:41:29;TF1 Téléshopping;12;0;;223;24R;2079;14287126660101607433048347;28712666;008070000007635211;C86E9B0A-E226-4B1A-91CE-B760A540DDD9;3.50;12;0,00;
008070000007635127;10;TSH;TSH7282164;0;2019-06-22 16:41:26;TF1 Téléshopping;12;0;;223;24R;2079;14287126630101206623019347;28712663;008070000007635127;31F04D8F-4D3A-4875-9644-27645313C94A;3.50;12;0,00;
008070000007635761;10;TSH;TSH7282167;0;2019-06-22 16:42:44;TF1 Téléshopping;12;0;;3;;15889;9L25551106315;9L1175608252200124000017;008070000007635761;0C089336-0DF9-4F31-ABA8-9FBC81A5F7EB;1.24;12;0,00;
008070000007636263;10;TSH;TSH7282183;0;2019-06-22 16:44:53;TF1 Téléshopping;12;0;;228;S;15029;11200181314037320;;008070000007636263;42BD792A-0F43-40E2-82C1-91B545D6D3A9;0.28;12;0,00;
008070000007635514;10;TSH;TSH7282196;0;2019-06-22 16:42:26;TF1 Téléshopping;12;0;;228;S;15029;11200181309619600;;008070000007635514;B872FA21-707F-4D79-AD3D-874EEE5D3747;1.24;12;0,00;
008070000007635684;10;TSH;TSH7282197;0;2019-06-22 16:42:31;TF1 Téléshopping;12;0;;228;S;15029;11200181310688100;;008070000007635684;D4A39680-4E1C-4BFA-B983-0A33059AD9A0;1.24;12;0,00;
008070000007635886;10;TSH;TSH7282199;0;2019-06-22 16:43:46;TF1 Téléshopping;12;0;;223;24R;2079;14287126830101006623001863;28712683;008070000007635886;04F06CE0-D645-4960-B01D-F503BE982FA8;1.56;12;0,00;
008070000007633914;10;TSH;TSH7282204;0;2019-06-22 16:35:03;TF1 Téléshopping;12;0;;223;24R;2079;14287126310101206373020670;28712631;008070000007633914;8BAE84AD-B2DE-4E7F-A801-CF93BDAC1DDD;1.28;12;0,00;
008070000007633635;10;TSH;TSH7282209;0;2019-06-22 16:34:53;TF1 Téléshopping;12;0;;228;S;15029;11200181298591380;;008070000007633635;CCFD6D13-814C-4FF4-AEF6-2757EB606421;1.28;12;0,00;
008070000007635367;10;TSH;TSH7282211;0;2019-06-22 16:41:34;TF1 Téléshopping;12;0;;228;S;15029;11200181308933140;;008070000007635367;29631FFF-E371-4E89-9FCC-BA851536D516;3.50;12;0,00;
008070000007633781;10;TSH;TSH7282245;0;2019-06-22 16:34:58;TF1 Téléshopping;12;0;;3;;15889;9L25551105981;9L1611308252200128000082;008070000007633781;3A524FE6-AA40-4C87-AAEF-73AACD07D163;1.28;12;0,00;
008070000007635932;10;TSH;TSH7282246;0;2019-06-22 16:43:48;TF1 Téléshopping;12;0;;223;24R;2079;14287126860101307193044055;28712686;008070000007635932;9D69C7D1-E6AD-4F4F-B03E-73AA4F6B13A8;1.56;12;0,00;
008070000007635730;10;TSH;TSH7282247;0;2019-06-22 16:42:33;TF1 Téléshopping;12;0;;3;;15889;9L25551106308;9L1183408252200124000000;008070000007635730;6AE59E71-0F94-4E5A-96FF-FE806144430D;1.24;12;0,00;
008070000007634935;10;TSH;TSH7282263;0;2019-06-22 16:39:13;TF1 Téléshopping;12;0;;228;S;15029;11200181305778130;;008070000007634935;3CBDC574-7C9B-415F-A6DE-B96FDDABC9FC;5.54;12;0,00;
008070000007633798;10;TSH;TSH7282264;0;2019-06-22 16:34:59;TF1 Téléshopping;12;0;;228;S;15029;11200181299435260;;008070000007633798;EBE41A71-B70A-4FC6-A269-96B8450DB71F;1.28;12;0,00;
008070000007636256;10;TSH;TSH7282268;0;2019-06-22 16:44:52;TF1 Téléshopping;12;0;;223;24R;2079;14287126930101307173739898;28712693;008070000007636256;C32B776F-109A-4FDD-A25A-E0DA8078A793;0.28;12;0,00;
008070000007635521;10;TSH;TSH7282271;0;2019-06-22 16:42:26;TF1 Téléshopping;12;0;;228;S;15029;11200181309794000;;008070000007635521;68D704E4-6A61-43B1-ABAF-5FA5FFDDBC56;1.24;12;0,00;
008070000007635817;10;TSH;TSH7282276;0;2019-06-22 16:43:44;TF1 Téléshopping;12;0;;223;24R;2079;14287126800101607293016512;28712680;008070000007635817;F68B3830-3324-435E-8A1F-1DC3E29AC0CD;1.56;12;0,00;
008070000007642576;10;TSH;TSH7282295;0;2019-06-22 16:48:16;TF1 Téléshopping;12;0;;228;S;15029;11200181314994490;;008070000007642576;54858118-77D2-4290-BC5E-E4DC3B51D014;1.52;12;0,00;
008070000007635273;10;TSH;TSH7282302;0;2019-06-22 16:41:31;TF1 Téléshopping;12;0;;228;S;15029;11200181308283400;;008070000007635273;240135E6-8BEA-4023-8823-8595AEA06ED9;3.50;12;0,00;
008070000007635305;10;TSH;TSH7282318;0;2019-06-22 16:41:32;TF1 Téléshopping;12;0;;228;S;15029;11200181308460220;;008070000007635305;1A02B590-3CD3-4D8B-A824-4E9258DA4781;3.50;12;0,00;
008070000007635862;10;TSH;TSH7282320;0;2019-06-22 16:43:46;TF1 Téléshopping;12;0;;228;S;15029;11200181311422140;;008070000007635862;4B211645-47D5-4319-9919-F57AA505AA49;1.56;12;0,00;
008070000007633868;10;TSH;TSH7282324;0;2019-06-22 16:35:01;TF1 Téléshopping;12;0;;223;24R;2079;14287126300101807183011850;28712630;008070000007633868;195429A5-7BC6-4F67-B2C1-85B775D4C34A;1.28;12;0,00;
008070000007635297;10;TSH;TSH7282330;0;2019-06-22 16:41:32;TF1 Téléshopping;12;0;;223;24R;2079;14287126670101002543518614;28712667;008070000007635297;FEDA14C1-9B11-4846-9437-2BAA877D8088;3.50;12;0,00;
008070000007633743;10;TSH;TSH7282362;0;2019-06-22 16:34:57;TF1 Téléshopping;12;0;;228;S;15029;11200181299042650;;008070000007633743;AA1EB20D-4254-4EB1-B9EC-1618D66442EE;1.28;12;0,00;
008070000007635350;10;TSH;TSH7282380;0;2019-06-22 16:41:34;TF1 Téléshopping;12;0;;228;S;15029;11200181308861200;;008070000007635350;1613DE5D-B66C-4E0B-82A5-25B044158C06;3.50;12;0,00;
008070000007634733;10;TSH;TSH7282383;0;2019-06-22 16:39:06;TF1 Téléshopping;12;0;;223;24R;2079;14287126560101207373078608;28712656;008070000007634733;311C1B24-E980-4C0E-A3B5-6E47349F94AA;5.54;12;0,00;
008070000007636054;10;TSH;TSH7282387;0;2019-06-22 16:43:52;TF1 Téléshopping;12;0;;228;S;15029;11200181312685750;;008070000007636054;F6D7A659-E504-4E06-996B-3EE542421EC8;1.56;12;0,00;
008070000007635134;10;TSH;TSH7282403;0;2019-06-22 16:41:26;TF1 Téléshopping;12;0;;228;S;15029;11200181307244210;;008070000007635134;66C12CEE-AF1D-4FEE-8F04-8B6929614D8D;3.50;12;0,00;
008070000007633541;10;TSH;TSH7282405;0;2019-06-22 16:34:50;TF1 Téléshopping;12;0;;228;S;15029;11200181298085480;;008070000007633541;E6862093-0B49-45AD-B740-8AA869359783;1.28;12;0,00;
008070000007635677;10;TSH;TSH7282412;0;2019-06-22 16:42:31;TF1 Téléshopping;12;0;;228;S;15029;11200181310517200;;008070000007635677;D6C9783E-F5D4-4FE5-8D3A-9499354B85C8;1.24;12;0,00;
008070000007635228;10;TSH;TSH7282415;0;2019-06-22 16:41:29;TF1 Téléshopping;12;0;;228;S;15029;11200181307706130;;008070000007635228;26F33113-ECC9-4432-AB64-5124FA01533F;3.50;12;0,00;
008070000007633844;10;TSH;TSH7282451;0;2019-06-22 16:35:00;TF1 Téléshopping;12;0;;228;S;15029;11200181299628630;;008070000007633844;CA72C5ED-E6D3-478C-ADE4-6B40A1174C69;1.28;12;0,00;
008070000007634959;10;TSH;TSH7282467;0;2019-06-22 16:39:14;TF1 Téléshopping;12;0;;223;24R;2079;14287126580101107173979007;28712658;008070000007634959;361E1C6A-B3F6-4F62-8935-5F061F510F2A;5.54;12;0,00;
008070000007635987;10;TSH;TSH7282473;0;2019-06-22 16:43:50;TF1 Téléshopping;12;0;;223;24R;2079;14287126870101806623996806;28712687;008070000007635987;E8FECA36-78E5-4070-AD85-0D6288542062;1.56;12;0,00;
008070000007635475;10;TSH;TSH7282492;0;2019-06-22 16:42:24;TF1 Téléshopping;12;0;;228;S;15029;11200181309326230;;008070000007635475;65285F8D-0401-44A9-B152-12E92D5A769A;1.24;12;0,00;
008070000007635949;10;TSH;TSH7282495;0;2019-06-22 16:43:48;TF1 Téléshopping;12;0;;228;S;15029;11200181311838230;;008070000007635949;C5B7D8A8-B315-4FDD-9389-4C3443A22907;1.56;12;0,00;
008070000007634896;10;TSH;TSH7282498;0;2019-06-22 16:39:12;TF1 Téléshopping;12;0;;999;;5038;000TSH728249800193479;;008070000007634896;C44138C2-69CC-4FB4-BD6C-15B581107404;5.54;12;0,00;
008070000007631749;10;TSH;TSH7282501;0;2019-06-22 16:34:05;TF1 Téléshopping;12;0;;228;S;15029;11200181297295370;;008070000007631749;EDF7E116-C2EE-40D1-B725-3B400F2D1448;3.06;12;0,00;
008070000007635343;10;TSH;TSH7282518;0;2019-06-22 16:41:33;TF1 Téléshopping;12;0;;228;S;15029;11200181308732150;;008070000007635343;892B8FE2-94B4-4714-97B3-66656272F0D7;3.50;12;0,00;
008070000007642590;10;TSH;TSH7282521;0;2019-06-22 16:48:16;TF1 Téléshopping;12;0;;223;24R;2079;14287126990101006883983023;28712699;008070000007642590;E976D62D-7114-4BD9-AD28-F988C0AB9E76;1.52;12;0,00;
008070000007633673;10;TSH;TSH7282538;0;2019-06-22 16:34:54;TF1 Téléshopping;12;0;;3;;15889;9L25551105974;9L1301318252200128000075;008070000007633673;17ABAE81-681A-409F-9516-AC9D2953B8B9;1.28;12;0,00;
008070000007634050;10;TSH;TSH7282539;0;2019-06-22 16:36:31;TF1 Téléshopping;12;0;;3;;15889;9L25551106070;9L1923508252200180000075;008070000007634050;9C1B0E8A-9E52-42C4-A943-0BA8B93B496E;1.80;12;0,00;
008070000007635499;10;TSH;TSH7282562;0;2019-06-22 16:42:25;TF1 Téléshopping;12;0;;228;S;15029;11200181309473370;;008070000007635499;657E759F-7DAC-4D51-B1BD-0471EBB97F58;1.24;12;0,00;
008070000007633589;10;TSH;TSH7282584;0;2019-06-22 16:34:51;TF1 Téléshopping;12;0;;223;24R;2079;14287126220101307153848240;28712622;008070000007633589;B61AD9A0-C3A1-492C-8065-EE27796A9EF3;1.28;12;0,00;
008070000007633820;10;TSH;TSH7282585;0;2019-06-22 16:35:00;TF1 Téléshopping;12;0;;3;;15889;9L25551106018;9L1387708252200128000013;008070000007633820;091BF433-4950-42E3-BFBE-0D4687323AD2;1.28;12;0,00;
008070000007633611;10;TSH;TSH7282586;0;2019-06-22 16:34:52;TF1 Téléshopping;12;0;;228;S;15029;11200181298469360;;008070000007633611;096EED32-1AFC-42EF-8566-D59361DB5EA3;1.28;12;0,00;
008070000007635019;10;TSH;TSH7282592;0;2019-06-22 16:39:16;TF1 Téléshopping;12;0;;223;24R;2079;14287126590101607433767750;28712659;008070000007635019;4A4FD5C7-BF8F-4836-BF59-73F5DBE319EA;5.54;12;0,00;
008070000007636016;10;TSH;TSH7282596;0;2019-06-22 16:43:51;TF1 Téléshopping;12;0;;228;S;15029;11200181312234150;;008070000007636016;5D1F092F-94FF-4CD6-9CEA-7785A5B5E2A5;1.56;12;0,00;
008070000007635026;10;TSH;TSH7282605;0;2019-06-22 16:39:16;TF1 Téléshopping;12;0;;228;S;15029;11200181306251420;;008070000007635026;AE0D09F1-FF62-4291-958E-01C39D69AE5F;5.54;12;0,00;
008070000007635963;10;TSH;TSH7282606;0;2019-06-22 16:43:49;TF1 Téléshopping;12;0;;228;S;15029;11200181312016000;;008070000007635963;840E2BAA-6953-49B4-88E2-A9FE02B8C362;1.56;12;0,00;
008070000007635538;10;TSH;TSH7282607;0;2019-06-22 16:42:26;TF1 Téléshopping;12;0;;228;S;15029;11200181309869280;;008070000007635538;AFEBA373-BC8E-4160-A5E7-7686516DCF21;1.24;12;0,00;
008070000007633882;10;TSH;TSH7282612;0;2019-06-22 16:35:02;TF1 Téléshopping;12;0;;3;;15889;9L25551106032;9L1813708252200128000037;008070000007633882;2039A3E3-D128-4412-BB75-76B6BDCBF534;1.28;12;0,00;
008070000007633907;10;TSH;TSH7282614;0;2019-06-22 16:35:02;TF1 Téléshopping;12;0;;3;;15889;9L25551106049;9L1822208252200128000044;008070000007633907;09D59406-FE09-48D0-AA23-09C07E1C29C0;1.28;12;0,00;
008070000007635071;10;TSH;TSH7282617;0;2019-06-22 16:39:18;TF1 Téléshopping;12;0;;228;S;15029;11200181306457160;;008070000007635071;DDADE964-94CC-43F8-B634-DC8CF313FCF3;5.54;12;0,00;
008070000007634788;10;TSH;TSH7282620;0;2019-06-22 16:39:08;TF1 Téléshopping;12;0;;228;S;15029;11200181304830350;;008070000007634788;294E4A30-9E7E-44DE-A043-40CA83830CDB;5.54;12;0,00;
008070000007635088;10;TSH;TSH7282621;0;2019-06-22 16:39:18;TF1 Téléshopping;12;0;;223;24R;2079;14287126620101807223825464;28712662;008070000007635088;E1329BBA-4653-4A2D-91DF-0BFEA1401C22;5.54;12;0,00;
008070000007635095;10;TSH;TSH7282629;0;2019-06-22 16:41:25;TF1 Téléshopping;12;0;;228;S;15029;11200181306977210;;008070000007635095;F32985BF-A4B5-4BD9-AEC3-7237E980BD69;3.50;12;0,00;
008070000007634740;10;TSH;TSH7282641;0;2019-06-22 16:39:07;TF1 Téléshopping;12;0;;228;S;15029;11200181304435800;;008070000007634740;C37416FA-D019-4E63-925A-95A2D9968E89;5.54;12;0,00;
008070000007635103;10;TSH;TSH7282645;0;2019-06-22 16:41:25;TF1 Téléshopping;12;0;;228;S;15029;11200181307091740;;008070000007635103;2C8CBD98-EBAB-4C81-BC92-2E6BEFEC9E9C;3.50;12;0,00;
008070000007634872;10;TSH;TSH7282652;0;2019-06-22 16:39:11;TF1 Téléshopping;12;0;;3;;15889;9L25551106193;9L1597908252200554000090;008070000007634872;843378E9-47B5-4882-9C8A-D9447C9844A7;5.54;12;0,00;
008070000007634803;10;TSH;TSH7282660;0;2019-06-22 16:39:09;TF1 Téléshopping;12;0;;228;S;15029;11200181305076100;;008070000007634803;46BB1AA0-32B2-4ED7-B5C0-B69566D11371;5.54;12;0,00;
008070000007635141;10;TSH;TSH7282688;0;2019-06-22 16:41:26;TF1 Téléshopping;12;0;;228;S;15029;11200181307344650;;008070000007635141;EB3D3372-E0A6-4C4A-B23B-E9F885998254;3.50;12;0,00;
008070000007634966;10;TSH;TSH7282690;0;2019-06-22 16:39:14;TF1 Téléshopping;12;0;;228;S;15029;11200181305972400;;008070000007634966;1E3DB83A-3694-41F4-9350-B8D29F1EAD70;5.54;12;0,00;
008070000007635855;10;TSH;TSH7282714;0;2019-06-22 16:43:45;TF1 Téléshopping;12;0;;228;S;15029;11200181311384700;;008070000007635855;159CBD23-88B7-4DAA-9C20-DF4C4C52C26B;1.56;12;0,00;
008070000007633806;10;TSH;TSH7282723;0;2019-06-22 16:34:59;TF1 Téléshopping;12;0;;3;;15889;9L25551105998;9L1882608252200128000099;008070000007633806;3D44A797-740B-41F8-9D6D-E43C70FC7BFF;1.28;12;0,00;
008070000007636023;10;TSH;TSH7282737;0;2019-06-22 16:43:51;TF1 Téléshopping;12;0;;228;S;15029;11200181312351100;;008070000007636023;1250BD75-CBAE-4B11-BDC4-F1B17E721253;1.56;12;0,00;
008070000007636302;10;TSH;TSH7282748;0;2019-06-22 16:44:54;TF1 Téléshopping;12;0;;223;24R;2079;14287126950101206623984484;28712695;008070000007636302;74ECFCC7-8E1C-413F-A1DF-1D8431F2A80B;0.28;12;0,00;
008070000007635482;10;TSH;TSH7282759;0;2019-06-22 16:42:25;TF1 Téléshopping;12;0;;3;;15889;9L25551106278;9L1569208252200124000079;008070000007635482;E9D226ED-8EE9-4E93-A6EE-BF651DA2542E;1.24;12;0,00;
008070000007634029;10;TSH;TSH7282770;0;2019-06-22 16:36:30;TF1 Téléshopping;12;0;;228;S;15029;11200181300372220;;008070000007634029;5206539A-6F9C-457D-8A59-123273FD98D4;1.80;12;0,00;
008070000007635189;10;TSH;TSH7282784;0;2019-06-22 16:41:28;TF1 Téléshopping;12;0;;228;S;15029;11200181307528150;;008070000007635189;46A7FF6B-5C88-4FFA-B601-751605910E9D;3.50;12;0,00;
008070000007633596;10;TSH;TSH7282803;0;2019-06-22 16:34:52;TF1 Téléshopping;12;0;;223;24R;2079;14287126230101807293011642;28712623;008070000007633596;F125C891-4A81-4419-AA2B-E8B96F9550C1;1.28;12;0,00;
008070000007633697;10;TSH;TSH7282808;0;2019-06-22 16:34:55;TF1 Téléshopping;12;0;;228;S;15029;11200181298859350;;008070000007633697;0B429255-A9AE-461F-9E7F-0C261985E436;1.28;12;0,00;
008070000007634315;10;TSH;TSH7282823;0;2019-06-22 16:37:47;TF1 Téléshopping;12;0;;228;S;15029;11200181301991000;;008070000007634315;B3A2DC09-271C-4126-853A-094AE6FA9FFD;0.70;12;0,00;
008070000007642653;10;TSH;TSH7282826;0;2019-06-22 16:48:19;TF1 Téléshopping;12;0;;223;24R;2079;14287127020101409303016500;28712702;008070000007642653;C8422A65-BDA3-49A8-A347-702EC6BFDE09;1.52;12;0,00;
008070000007634911;10;TSH;TSH7282828;0;2019-06-22 16:39:12;TF1 Téléshopping;12;0;;3;;15889;9L25551106209;9L1383808252200554000007;008070000007634911;3851B967-C108-4256-97BF-44C1ADB9B43B;5.54;12;0,00;
008070000007633750;10;TSH;TSH7282833;0;2019-06-22 16:34:57;TF1 Téléshopping;12;0;;228;S;15029;11200181299116230;;008070000007633750;0C645F08-3654-4439-9B93-4CA8DDEF86FC;1.28;12;0,00;
008070000007636078;10;TSH;TSH7282846;0;2019-06-22 16:43:53;TF1 Téléshopping;12;0;;228;S;15029;11200181312777176;;008070000007636078;26776A94-53AF-402B-98E7-BC6979EFEB55;1.56;12;0,00;
008070000007635507;10;TSH;TSH7282859;0;2019-06-22 16:42:25;TF1 Téléshopping;12;0;;228;S;15029;11200181309557200;;008070000007635507;4E963E7C-08AE-431D-8DAB-DBC1FD8B24AE;1.24;12;0,00;
008070000007635336;10;TSH;TSH7282866;0;2019-06-22 16:41:33;TF1 Téléshopping;12;0;;228;S;15029;11200181308662175;;008070000007635336;6E073ED7-4A91-4E63-BB96-35B44A0B3F9C;3.50;12;0,00;
008070000007633774;10;TSH;TSH7282881;0;2019-06-22 16:34:58;TF1 Téléshopping;12;0;;228;S;15029;11200181299321000;;008070000007633774;A506DFAF-1CE5-4686-B8E6-80C2C404DA48;1.28;12;0,00;
008070000007642507;10;TSH;TSH7282882;0;2019-06-22 16:46:04;TF1 Téléshopping;12;0;;228;S;15029;11200181314644300;;008070000007642507;1DA9831A-CE13-4AA2-B170-1EBF08C73BAA;2.40;12;0,00;
008070000007635266;10;TSH;TSH7282888;0;2019-06-22 16:41:31;TF1 Téléshopping;12;0;;228;S;15029;11200181308117120;;008070000007635266;93C1969E-49BC-4966-BF9C-B39B03DDED10;3.50;12;0,00;
008070000007634889;10;TSH;TSH7282890;0;2019-06-22 16:39:11;TF1 Téléshopping;12;0;;228;S;15029;11200181305476520;;008070000007634889;A9A6D0B6-1995-4BF9-9493-2D3D5C5A72FC;5.54;12;0,00;
008070000007633921;10;TSH;TSH7282899;0;2019-06-22 16:35:03;TF1 Téléshopping;12;0;;228;S;15029;11200181299923800;;008070000007633921;49A91199-A604-439C-9FBC-BA7D0F2AECCE;1.28;12;0,00;
008070000007635576;10;TSH;TSH7282923;0;2019-06-22 16:42:28;TF1 Téléshopping;12;0;;223;24R;2079;14287126760101007433028958;28712676;008070000007635576;AF8D45AC-A572-4FE4-AA15-8A97E10AB3E6;1.24;12;0,00;
008070000007635165;10;TSH;TSH7282934;0;2019-06-22 16:41:27;TF1 Téléshopping;12;0;;223;24R;2079;14287126640101707293049429;28712664;008070000007635165;72A3A9EE-9F53-48D6-AAA2-939F8CE0AD70;3.50;12;0,00;
008070000007635994;10;TSH;TSH7282957;0;2019-06-22 16:43:50;TF1 Téléshopping;12;0;;3;;15889;9L25551106339;9L1315908252200156000030;008070000007635994;D7E331FB-93AA-4A1B-9CDB-7B81C4567E82;1.56;12;0,00;
008070000007635172;10;TSH;TSH7282962;0;2019-06-22 16:41:27;TF1 Téléshopping;12;0;;223;24R;2079;14287126650101107193274727;28712665;008070000007635172;60BB2867-ED6C-4364-8DAA-C2105A105494;3.50;12;0,00;
008070000007633851;10;TSH;TSH7282978;0;2019-06-22 16:35:01;TF1 Téléshopping;12;0;;228;S;15029;11200181299795500;;008070000007633851;5D501E1A-6FA5-4985-B8C8-2E49610E524A;1.28;12;0,00;
008070000007633527;10;TSH;TSH7282979;0;2019-06-22 16:34:49;TF1 Téléshopping;12;0;;228;S;15029;11200181297985750;;008070000007633527;42293AC0-BF29-4E8C-8032-5EB9CE5649A6;1.28;12;0,00;
008070000007635312;10;TSH;TSH7282987;0;2019-06-22 16:41:32;TF1 Téléshopping;12;0;;228;S;15029;11200181308577720;;008070000007635312;553DEAD8-138E-49C1-977D-179080F1DBE2;3.50;12;0,00;
008070000007636030;10;TSH;TSH7282991;0;2019-06-22 16:43:51;TF1 Téléshopping;12;0;;228;S;15029;11200181312459450;;008070000007636030;D2C55036-DD4E-4B0E-A956-353CA80E1D7C;1.56;12;0,00;
008070000007635444;10;TSH;TSH7282995;0;2019-06-22 16:41:37;TF1 Téléshopping;12;0;;228;S;15029;11200181309171150;;008070000007635444;B40ECF92-8AB6-4260-8D87-4AECE95B7DD1;3.50;12;0,00;
008070000007635901;10;TSH;TSH7283025;0;2019-06-22 16:43:47;TF1 Téléshopping;12;0;;228;S;15029;11200181311688220;;008070000007635901;FB48DE7D-CDBD-4265-8D73-5B855BAD0E62;1.56;12;0,00;
008070000007635204;10;TSH;TSH7283034;0;2019-06-22 16:41:29;TF1 Téléshopping;12;0;;228;S;15029;11200181307660400;;008070000007635204;F5298560-7C53-4918-BF75-74040422325D;3.50;12;0,00;
008070000007634625;10;TSH;TSH7283053;0;2019-06-22 16:37:58;TF1 Téléshopping;12;0;;228;S;15029;11200181303840200;;008070000007634625;464D95DC-EB53-4E9B-ABF6-595229A9D052;0.70;12;0,00;
008070000007634865;10;TSH;TSH7283063;0;2019-06-22 16:39:11;TF1 Téléshopping;12;0;;223;24R;2079;14287126570101707433003769;28712657;008070000007634865;46E5C9D7-AF36-4315-B082-0ED352E758A0;5.54;12;0,00;
008070000007633642;10;TSH;TSH7283070;0;2019-06-22 16:34:53;TF1 Téléshopping;12;0;;228;S;15029;11200181298663200;;008070000007633642;283CA1B4-EC64-4159-B947-A2706F59298F;1.28;12;0,00;
008070000007635848;10;TSH;TSH7283074;0;2019-06-22 16:43:45;TF1 Téléshopping;12;0;;223;24R;2079;14287126820101506373180155;28712682;008070000007635848;0AF79DAE-D893-44BF-87E6-D083714203F5;1.56;12;0,00;
008070000007635879;10;TSH;TSH7283075;0;2019-06-22 16:43:46;TF1 Téléshopping;12;0;;228;S;15029;11200181311533290;;008070000007635879;38AD2227-2B93-4DC5-ABC6-53DEFD895438;1.56;12;0,00;
008070000007635033;10;TSH;TSH7283076;0;2019-06-22 16:39:17;TF1 Téléshopping;12;0;;223;24R;2079;14287126600101902213519770;28712660;008070000007635033;AFDAD1E0-599B-4071-A9C5-6B2CD99E0A6E;5.54;12;0,00;
008070000007633952;10;TSH;TSH7283082;0;2019-06-22 16:36:28;TF1 Téléshopping;12;0;;223;24R;2079;14287126320101707193062193;28712632;008070000007633952;2C29225B-C11E-4A12-BCF1-3D1CA02CAAF5;1.80;12;0,00;
008070000007631732;10;TSH;TSH7283088;0;2019-06-22 16:34:04;TF1 Téléshopping;12;0;;228;S;15029;11200181297131840;;008070000007631732;FF3EC7BC-F9A1-4911-A860-D1CDD7A7B67F;3.06;12;0,00;
008070000007642514;10;TSH;TSH7283097;0;2019-06-22 16:48:14;TF1 Téléshopping;12;0;;223;24R;2079;14287126960101706623134391;28712696;008070000007642514;BCEC0CCB-C786-4128-A0B7-61E150A7C367;1.52;12;0,00;
008070000007634757;10;TSH;TSH7283100;0;2019-06-22 16:39:07;TF1 Téléshopping;12;0;;228;S;15029;11200181304534570;;008070000007634757;349997B1-8410-4BAB-92B4-2771503FE0B9;5.54;12;0,00;
008070000007635918;10;TSH;TSH7283102;0;2019-06-22 16:43:47;TF1 Téléshopping;12;0;;228;S;15029;11200181311713002;;008070000007635918;307026B7-D111-499A-87B7-1E3D4823D98C;1.56;12;0,00;
008070000007636270;10;TSH;TSH7283129;0;2019-06-22 16:44:53;TF1 Téléshopping;12;0;;223;24R;2079;14287126940101807203701220;28712694;008070000007636270;6E29CE4E-C911-477F-B2D9-37BDF5C64919;0.28;12;0,00;
008070000007636148;10;TSH;TSH7283130;0;2019-06-22 16:44:48;TF1 Téléshopping;12;0;;223;24R;2079;14287126900101006763008159;28712690;008070000007636148;C8C29A65-03E0-42D5-9097-9AC46145C922;0.28;12;0,00;
008070000007642552;10;TSH;TSH7283147;0;2019-06-22 16:48:15;TF1 Téléshopping;12;0;;223;24R;2079;14287126970101105583046595;28712697;008070000007642552;7DF10E1A-4518-4429-892B-C145E8A83D02;1.52;12;0,00;
008070000007634005;10;TSH;TSH7283159;0;2019-06-22 16:36:30;TF1 Téléshopping;12;0;;228;S;15029;11200181300127000;;008070000007634005;589B9D9A-D713-4038-AEE5-4269A880275F;1.80;12;0,00;
008070000007633503;10;TSH;TSH7283169;0;2019-06-22 16:34:49;TF1 Téléshopping;12;0;;223;24R;2079;14287126190101106373540895;28712619;008070000007633503;FD00D48A-19A1-40E5-9D34-BB2B16BFCC70;1.28;12;0,00;
008070000007635437;10;TSH;TSH7283180;0;2019-06-22 16:41:37;TF1 Téléshopping;12;0;;223;24R;2079;14287126720101107153494848;28712672;008070000007635437;EBB13145-74BC-4FEF-8E11-061AB09853B3;3.50;12;0,00;
008070000007633666;10;TSH;TSH7283184;0;2019-06-22 16:34:54;TF1 Téléshopping;12;0;;223;24R;2079;14287126250101707153976559;28712625;008070000007633666;5C60E54C-B734-48BD-8D11-E995B0AAF064;1.28;12;0,00;
008070000007642660;10;TSH;TSH7283189;0;2019-06-22 16:48:19;TF1 Téléshopping;12;0;;3;;15889;9L25551106414;9L1213208252200152000010;008070000007642660;C5404E35-2E79-454A-8630-8390FD1C395D;1.52;12;0,00;
